author_raw,author_parsed,needs_review,flag_reason
Adamsen Chr. & Ebbesen K (red),"Adamsen, C. & Ebbesen, K. (ed.)",False,"editor,no_comma"
"Ahlbeck, M., Runer, J. & Dardel, E.","Ahlbeck, M., Runer, J. & Dardel, E.",False,
"Ahlbeck, Matthias","Ahlbeck, M.",False,
"Ahlbeck, Mattias","Ahlbeck, M.",False,
"Ahlbeck, Mattias & Gill, Alexander","Ahlbeck, M. & Gill, A.",False,
"Ahlbeck, Mattias & Guinard, Michel","Ahlbeck, M. & Guinard, M.",False,
"Ahlbeck, Mattias m fiberschakl","Ahlbeck, M.",False,
"Ahlgren, Sven & Ragnesten, Ulf","Ahlgren, S. & Ragnesten, U.",False,
"Ajneborn, Britt","Ajneborn, B.",False,
"Aldén Rudd, Petra","Aldén Rudd, P.",False,
"Aldén Rudd, Petra & Joansson, Thomas","Aldén Rudd, P. & Joansson, T.",False,
"Aldén Rudd, Petra & Johansson, Thomas","Aldén Rudd, P. & Johansson, T.",False,
"Aldén Rudd, Petra m fl","Aldén Rudd, P. et al.",False,et_al
"Alering, Åsa m fl","Alering, Å. et al.",False,et_al
"Alering, Åse & Nylén, Alexandra","Alering, Å. & Nylén, A.",False,
"Alexander, B., Carlsson, e. & Lögdqvist, A","Alexander, B., Carlsson, E. & Lögdqvist, A.",False,
"Alexander, Dunkan","Alexander, D.",False,
"Alexandersson, Kenneth","Alexandersson, K.",False,
"Alexandersson, Kenneth & Andersson, Anna-Karin","Alexandersson, K. & Andersson, A.",False,
"Alexandersson, Kenneth & Persson, Hans","Alexandersson, K. & Persson, H.",False,
"Alexandersson, Kenneth & Petersson, Magnus","Alexandersson, K. & Petersson, M.",False,
"Alexandersson, Kenneth m fl","Alexandersson, K. et al.",False,et_al
"Alfsdotter, Clara","Alfsdotter, C.",False,
"Algotsson, Åsa","Algotsson, Å.",False,
"Algotsson, Åsa & Swedberg, Stig","Algotsson, Å. & Swedberg, S.",False,
"Algotsson,. Åsa","Algotsson, Å.",False,
Allerstam Agneta m fl,Allerstam Agneta et al.,True,"et_al,no_comma"
"Alopaeus, Harry & Ulfhielm, Bo","Alopaeus, H. & Ulfhielm, B.",False,
"Alström, Jan","Alström, J.",False,
"Alström, Ulf","Alström, U.",False,
"Alström, Ulf & Anttila, Kaisu","Alström, U. & Anttila, K.",False,
"Altmer, Ander","Altmer, A.",False,
"Altner, Anders","Altner, A.",False,
"Altner, Anders & Carlsson, Eva","Altner, A. & Carlsson, E.",False,
"Altner, Anders & Streiffert, Jörgen","Altner, A. & Streiffert, J.",False,
"Altrock, Håkan","Altrock, H.",False,
"Ambrosiani, Björn","Ambrosiani, B.",False,
"Ambrosiani, Björn & Magnusson, Gösta","Ambrosiani, B. & Magnusson, G.",False,
"Ameziane, Jenny","Ameziane, J.",False,
"Anberg, Staffan","Anberg, S.",False,
"Anberg, Staffan & Alexandersson, Kenneth","Anberg, S. & Alexandersson, K.",False,
"Anberg, Staffan & Wattman, Nils","Anberg, S. & Wattman, N.",False,
"Anderssom, Jessica","Anderssom, J.",False,
"Andersson Färnström, C. & Aldén Rudd, P.","Andersson Färnström, C. & Aldén Rudd, P.",False,
"Andersson, Annika","Andersson, A.",False,
"Andersson, Berit","Andersson, B.",False,
"Andersson, C., Appelgren, K. & Sander, B.","Andersson, C., Appelgren, K. & Sander, B.",False,
"Andersson, Carolina & Appelgren, Katarina","Andersson, C. & Appelgren, K.",False,
"Andersson, Carolina & Hållans Stenholm, Ann-Mari","Andersson, C. & Hållans Stenholm, A.",False,
"Andersson, Charlotte","Andersson, C.",False,
"Andersson, Charlotte, Pettersson, Mats","Andersson, C. & Pettersson, M.",False,
"Andersson, F. m fl","Andersson, F. et al.",False,et_al
"Andersson, F., Guinard, M. & Sundström, L.","Andersson, F., Guinard, M. & Sundström, L.",False,
"Andersson, Fredrik","Andersson, F.",False,
"Andersson, Fredrik & Svensson, Ingeborg","Andersson, F. & Svensson, I.",False,
"Andersson, G & Beronius-Jörpeland, L","Andersson, G. & Beronius-Jörpeland, L.",False,
"Andersson, Gunnar","Andersson, G.",False,
"Andersson, Gunnar & Hedlund, John","Andersson, G. & Hedlund, J.",False,
"Andersson, Gunnar & Lidström-Holmberg, Cecilia","Andersson, G. & Lidström-Holmberg, C.",False,
"Andersson, Helena & Dardel, Erik","Andersson, H. & Dardel, E.",False,
"Andersson, Helena & Norr, Svante","Andersson, H. & Norr, S.",False,
"Andersson, J., Karlenby, L. & Söderberg, M.","Andersson, J., Karlenby, L. & Söderberg, M.",False,
"Andersson, Jessica","Andersson, J.",False,
"Andersson, Jessica & Nieminenj, Johannes","Andersson, J. & Nieminenj, J.",False,
"Andersson, Jessiva & niemingen, Johannes","Andersson, J. & niemingen, J.",False,
"Andersson, K., Annuswer, B., Karlsson, C & Åberg,","Andersson, K., Annuswer, B., Karlsson, C & Åberg",True,odd_tokens
"Andersson, K., Ekman, T., & Persson,B.","Andersson, K., Ekman, T. & Persson, B.",False,
"Andersson, Kenneth","Andersson, K.",False,
"Andersson, Kjell","Andersson, K.",False,
"Andersson, Kjell & Jonsson, Anders","Andersson, K. & Jonsson, A.",False,
"Andersson, Kjell & Wertwein, Göran","Andersson, K. & Wertwein, G.",False,
"Andersson, Lars","Andersson, L.",False,
"Andersson, Lars & Jonsson, Rebecka","Andersson, L. & Jonsson, R.",False,
"Andersson, Lars & Werthwein, Göran","Andersson, L. & Werthwein, G.",False,
"Andersson, Lars m fl","Andersson, L. et al.",False,et_al
"Andersson, Magnus","Andersson, M.",False,
"Andersson, Magnus & Wallebom, Björn","Andersson, M. & Wallebom, B.",False,
"Andersson, Magnus m fl","Andersson, M. et al.",False,et_al
"Andersson, S","Andersson, S.",False,
"Andersson, Sofia","Andersson, S.",False,
"Andersson, Sofia & Svensson, Eva","Andersson, S. & Svensson, E.",False,
"Andersson, Stina","Andersson, S.",False,
"Andersson, Stina & Wigforss, Johan","Andersson, S. & Wigforss, J.",False,
"Andersson, Thomas","Andersson, T.",False,
"Andersson, Thomas & Aspeborg, Håkan","Andersson, T. & Aspeborg, H.",False,
"Andersson, Thomas & Månsson, Stefan","Andersson, T. & Månsson, S.",False,
"Andréasson, Anna m. Fl","Andréasson, A. et al.",False,et_al
"Aneborn, Britt","Aneborn, B.",False,
"Anglert, Mats (red)","Anglert, M. (ed.)",False,editor
"Ankarlilja, Göran","Ankarlilja, G.",False,
"Annuswer, Bo","Annuswer, B.",False,
"Annuswer, Bo & Karlsson, Catarina","Annuswer, B. & Karlsson, C.",False,
Ansökningshandlingar,Ansökningshandlingar,True,no_comma
"Anund, Johan","Anund, J.",False,
"Anund, Johan m fl","Anund, J. et al.",False,et_al
"Anund, Johan, Bäck, Mathias & Ulväng, Göran","Anund, J., Bäck, M. & Ulväng, G.",False,
"Apel, J m fl","Apel, J. et al.",False,et_al
"Appelgren, K., Eklöf, N., & Evanni, L","Appelgren, K., Eklöf, N. & Evanni, L.",False,
"Appelgren, K., Nilsson, A., & Perming, A.","Appelgren, K., Nilsson, A. & Perming, A.",False,
"Appelgren, Katarina","Appelgren, K.",False,
"Appelgren, Katarina & Beckman-Thoor, Karin","Appelgren, K. & Beckman-Thoor, K.",False,
"Appelgren, Katarina & Blomqvist, Malin","Appelgren, K. & Blomqvist, M.",False,
"Appelgren, Katarina & Broberg, Anders","Appelgren, K. & Broberg, A.",False,
"Appelgren, Katarina & Evanni, Louise","Appelgren, K. & Evanni, L.",False,
"Appelgren, Katarina & Häringe Frisberg, Kajsa","Appelgren, K. & Häringe Frisberg, K.",False,
"Appelgren, Katarina & Nelson, Mats","Appelgren, K. & Nelson, M.",False,
"Appelgren, Katarina & Renck, Anna Maria","Appelgren, K. & Renck, A.",False,
"Appelgren, Katarina & Strucke, Ulf","Appelgren, K. & Strucke, U.",False,
"Appelgren, Katarina m l","Appelgren, K.",False,
"Arbin, Staffan von","von Arbin, S.",False,particle
"Arcini, C., Hedvall, A & Konsmar, A","Arcini, C., Hedvall, A. & Konsmar, A.",False,
"Arcini, Caroline","Arcini, C.",False,
"Arcini, Caroline m fl","Arcini, C. et al.",False,et_al
"Arcini,Caroline & Artelius,Tore","Arcini, C. & Artelius, T.",False,
"Arfalk, K., Hedvall, R. & Lindeblad, L","Arfalk, K., Hedvall, R. & Lindeblad, L.",False,
"Arfalk, Karin & Sjölin, Marita","Arfalk, K. & Sjölin, M.",False,
"Arnberg, Anna","Arnberg, A.",False,
"Arnberg, Anna & Runer, Johan","Arnberg, A. & Runer, J.",False,
"Arnberg, Anna & Runessopn, Henrik","Arnberg, A. & Runessopn, H.",False,
"Arnberg, Anna m fl","Arnberg, A. et al.",False,et_al
"Arnegård, A., Carlsson., & Ros, J","Arnegård, A., Carlsson., & Ros, J",True,odd_tokens
"Arrhenius, Birgit & Eriksson, Gunilla","Arrhenius, B. & Eriksson, G.",False,
"Artelius, T., Hernek, R., Ängeby, G.","Artelius, T., Hernek, R. & Ängeby, G.",False,
"Artelius, T., m. .fl.","Artelius, T., m. .fl",True,odd_tokens
"Artelius, Tore","Artelius, T.",False,
"Artelius, Tore & Arcini, Tore","Artelius, T. & Arcini, T.",False,
"Artelius, Tore & Nordin, Petra","Artelius, T. & Nordin, P.",False,
"Artursson, Magnus","Artursson, M.",False,
"Artursson, Magnus & Hyll, Nathalie","Artursson, M. & Hyll, N.",False,
"Artursson, Magnus (red)","Artursson, M. (ed.)",False,editor
"Arvin, Staffan von & Wallbom, Staffan","von Arvin, S. & Wallbom, S.",False,particle
"Arwill-Nordbladh, Elisabeth &Ekblad, Krister","Arwill-Nordbladh, E. & Ekblad, K.",False,
"Asp, Yliali & Skär, Gunilla","Asp, Y. & Skär, G.",False,
"Aspeborg, Håkakn & Östling, Anna","Aspeborg, H. & Östling, A.",False,
"Aspeborg, Håkan","Aspeborg, H.",False,
"Aspeborg, Håkan & Appelgren, Katarina","Aspeborg, H. & Appelgren, K.",False,
"Aspeborg, Håkan & Becker, Nathalie","Aspeborg, H. & Becker, N.",False,
"Aspeborg, Håkan & Seiler, Anton","Aspeborg, H. & Seiler, A.",False,
"Aspeborg, Håkan & lagerås, Per","Aspeborg, H. & lagerås, P.",False,
"Aspeborg, Håkan (Red)","Aspeborg, H. (ed.)",False,editor
"Aspeborg, Håkan m fl","Aspeborg, H. et al.",False,et_al
"Asserstam, Marcus","Asserstam, M.",False,
"Auliln, Anna & Häggström, Leif","Auliln, A. & Häggström, L.",False,
"Aulin Häggström, Anna","Aulin Häggström, A.",False,
"Aulin, Anna & Gustafsson, Anders","Aulin, A. & Gustafsson, A.",False,
"Axelsson Karlqvist, Jimmy","Axelsson Karlqvist, J.",False,
"Axelsson Karlqvist, Jimmy & Fahlberg, David","Axelsson Karlqvist, J. & Fahlberg, D.",False,
"Axelsson Karlqvist, Jimmy & Frisk, Mattias","Axelsson Karlqvist, J. & Frisk, M.",False,
"Axelsson, Karlqvist, Jimmy & Fahlberg, David","Axelsson, Karlqvist, Jimmy & Fahlberg, David",True,odd_tokens
"Axelsson, S., Olsson, H., Schedin, P,","Axelsson, S., Olsson, H. & Schedin, P.",False,
"Axelsson, Tony","Axelsson, T.",False,
"Backe, Margareta","Backe, M.",False,
"Backman, Lars","Backman, L.",False,
"Backman, Lars m fl","Backman, L. et al.",False,et_al
"Balic, Ivan & Guldåker, Aja","Balic, I. & Guldåker, A.",False,
"Balknäs, Nina","Balknäs, N.",False,
"Balknäs, Nina & Bergold, Helmut","Balknäs, N. & Bergold, H.",False,
"Balknäs, Nina, Karlenby, Leif","Balknäs, N. & Karlenby, L.",False,
"Bark, Rune","Bark, R.",False,
"Baudou, Evert","Baudou, E.",False,
"Becker, Nathalie","Becker, N.",False,
"Becker, Nathalie, Eriksson, Mats & Wigg, Ann-Sofie","Becker, N., Eriksson, M. & Wigg, A.",False,
"Beckmah.Thoor, Karin","Beckmah.Thoor, K.",False,
"Beckman, Anna","Beckman, A.",False,
"Beckman, Anna & Blomqvist, Philip","Beckman, A. & Blomqvist, P.",False,
"Beckman-Thoor, Karin","Beckman-Thoor, K.",False,
"Beckman-Thoor, Karin & Franzén, Bitte","Beckman-Thoor, K. & Franzén, B.",False,
"Beckman.Thoor, Karin","Beckman.Thoor, K.",False,
"Bengtsson, Boel & Bergstrand, Thomas","Bengtsson, B. & Bergstrand, T.",False,
"Bengtsson, L. ,Gustafsson, A. & Strid, L","Bengtsson, L., Gustafsson, A. & Strid, L.",False,
"Bengtsson, L., Hernek, R., & Johansson, G.","Bengtsson, L., Hernek, R. & Johansson, G.",False,
"Bengtsson, Lisbet","Bengtsson, L.",False,
"Bengtsson, Lisbet & Ryberg, Ewa","Bengtsson, L. & Ryberg, E.",False,
"Bengtsson, Lisbet, Bondesson, Wivianne","Bengtsson, L. & Bondesson, W.",False,
"Bengtsson, Lisbet. & Wennstedt Edvinger, Britta","Bengtsson, L. & Wennstedt Edvinger, B.",False,
"Bengtsson, Lisbeth & Hedlund, John","Bengtsson, L. & Hedlund, J.",False,
"Bengtsson, P G","Bengtsson, P.",False,
"Bennerhag Carina & Palmbo, Frida","Bennerhag Carina & Palmbo, Frida",True,odd_tokens
"Bennerhag, Carina","Bennerhag, C.",False,
"Bennerhag, Carina & Palmbo, Frida","Bennerhag, C. & Palmbo, F.",False,
"Bennerhag, Carina m fl","Bennerhag, C. et al.",False,et_al
"Bennerhag, Carins & Erik Nordhag","Bennerhag, Carins & Erik Nordhag",True,odd_tokens
"Bennet, Agneta","Bennet, A.",False,
"Bennett, Agneta","Bennett, A.",False,
Bennström Greger,Bennström Greger,True,no_comma
"Bennström, Greger","Bennström, G.",False,
"Bennström, Greger & Carlsson, Eva","Bennström, G. & Carlsson, E.",False,
"Bennström, Greger & Helgesson, Charlotta","Bennström, G. & Helgesson, C.",False,
"Bennström, Greger & Hägerman, Britt-Mari","Bennström, G. & Hägerman, B.",False,
"Berg Nilsson, Lena, Groop, Niklas & Hovanta, Elise","Berg Nilsson, L., Groop, N. & Hovanta, E.",False,
"Berg, P., Celin, P., Lundin, J. & Westrin, K.","Berg, P., Celin, P., Lundin, J. & Westrin, K.",False,
"Berg, Peter","Berg, P.",False,
"Berg, Peter & Norberg, Lars","Berg, P. & Norberg, L.",False,
"Berg, Stefan & Lindholm, Pehr","Berg, S. & Lindholm, P.",False,
"Berg, Stefan & Segerberg, Ann","Berg, S. & Segerberg, A.",False,
"Bergenstråhle, Ingrid","Bergenstråhle, I.",False,
"Berger, Å., Gustafsson, S. & Klange, J.","Berger, Å., Gustafsson, S. & Klange, J.",False,
"Berger, Åsa","Berger, Å.",False,
"Berger, Åsa & Pantzar, Cecilia","Berger, Å. & Pantzar, C.",False,
"Berger, Åse","Berger, Å.",False,
"Berggren, Anna & Hennius, Andreas","Berggren, A. & Hennius, A.",False,
"Berggren, Karin","Berggren, K.",False,
"Berggren, Karin & Olsson, Karin","Berggren, K. & Olsson, K.",False,
"Berggren, Åsa & Celin, Ulf","Berggren, Å. & Celin, U.",False,
"Bergh, Stefan","Bergh, S.",False,
"Berglund, A., Gustafsson, E. & Henriksson, C.","Berglund, A., Gustafsson, E. & Henriksson, C.",False,
"Berglund, Anders","Berglund, A.",False,
"Berglund, Joel & Wennstedt Edvinger, Britta","Berglund, J. & Wennstedt Edvinger, B.",False,
"Berglund, Lena","Berglund, L.",False,
"Bergold, Helmut","Bergold, H.",False,
"Bergold, Helmut & Holm, Jenny","Bergold, H. & Holm, J.",False,
"Bergold, Helmut & Johannsen, Odd","Bergold, H. & Johannsen, O.",False,
"Bergold, Helmut & Pettersson, Olof","Bergold, H. & Pettersson, O.",False,
"Bergold, Helmut & Ramström, Annica","Bergold, H. & Ramström, A.",False,
"Bergold, Helmut & Wikell, Roger","Bergold, H. & Wikell, R.",False,
"Bergold, Helmut & ramström, Annica","Bergold, H. & ramström, A.",False,
"Bergquist, Ulla","Bergquist, U.",False,
"Bergqvist, Johanna","Bergqvist, J.",False,
"Bergqvist, Johanna & Bäck, Mathias","Bergqvist, J. & Bäck, M.",False,
"Bergqvist, Johanna & Hedvall, Rikard","Bergqvist, J. & Hedvall, R.",False,
"Bergren, K., Hallgren, F. & Holm, J.","Bergren, K., Hallgren, F. & Holm, J.",False,
"Bergren, Åsa","Bergren, Å.",False,
"Bergstrand, Thomas","Bergstrand, T.",False,
"Beronius Jörpeland, L m.fl","Beronius Jörpeland, L. et al.",False,et_al
"Beronius Jörpeland, L., Dunér, J., och Skyllberg,","Beronius Jörpeland, L., Dunér, J., & Skyllberg",True,odd_tokens
"Beronius Jörpeland, L., Lindholm, P., & Renk, A","Beronius Jörpeland, L., Lindholm, P. & Renk, A.",False,
"Beronius Jörpeland, L., Vinberg, A. Östlund, S.","Beronius Jörpeland, L., Vinberg, A. Östlund, S",True,odd_tokens
"Beronius Jörpeland, Lena","Beronius Jörpeland, L.",False,
"Beronius Jörpeland, Lena & Evanni, Louise","Beronius Jörpeland, L. & Evanni, L.",False,
"Beronius Jörpeland, Lena & Hamilton, John","Beronius Jörpeland, L. & Hamilton, J.",False,
"Beronius Jörpeland, Lena & Sander, Birgitta","Beronius Jörpeland, L. & Sander, B.",False,
"Beronius Jörpeland, Lena & Skyllberg, Eva","Beronius Jörpeland, L. & Skyllberg, E.",False,
"Beronius Jörpeland, Lena & Westberg, Tomas","Beronius Jörpeland, L. & Westberg, T.",False,
"Beronius Jörpeland, Lena m fl","Beronius Jörpeland, L. et al.",False,et_al
"Beronius Jörpeland, Lena m.fl.","Beronius Jörpeland, L. et al.",False,et_al
"Beronius-Jörpeland, Lena","Beronius-Jörpeland, L.",False,
"Beronius-Jörpeland, Lena (red)","Beronius-Jörpeland, L. (ed.)",False,editor
"Bertilsson, Ulf","Bertilsson, U.",False,
"Bertvall, Cecilia","Bertvall, C.",False,
"Beskman-Thoor, Karin","Beskman-Thoor, K.",False,
"Billberg, Ingemar","Billberg, I.",False,
"Billberg, Ingemar & Magnusson Staaf, Björn","Billberg, I. & Magnusson Staaf, B.",False,
"Billström, Linda","Billström, L.",False,
"Billström, Linda m. fl.","Billström, L. et al.",False,et_al
"Biuw, Anita","Biuw, A.",False,
"Bjuggner, Lena","Bjuggner, L.",False,
"Bjuggner, Lena & Carlie, Lennart","Bjuggner, L. & Carlie, L.",False,
"Bjuggner, Lena & Håkansson, Anders","Bjuggner, L. & Håkansson, A.",False,
"Bjuggner, Lena & Rosengren, Erik","Bjuggner, L. & Rosengren, E.",False,
"Bjuggner, Lena m fl","Bjuggner, L. et al.",False,et_al
"Bjöck, Niclas m fl","Bjöck, N. et al.",False,et_al
"Björck, M., Björck, N. & Martinelle, K.","Björck, M., Björck, N. & Martinelle, K.",False,
"Björck, Maria","Björck, M.",False,
"Björck, Maria & Blennå, Inga","Björck, M. & Blennå, I.",False,
"Björck, N m fl","Björck, N. et al.",False,et_al
"Björck, N. & Hjärthner-Holdar, E. (red.)","Björck, N. & Hjärthner-Holdar, E. (ed.)",False,editor
"Björck, Niclas","Björck, N.",False,
"Björck, Niclas & Appelgren, Katarina","Björck, N. & Appelgren, K.",False,
"Björck, Niclas & Grandin, Lena","Björck, N. & Grandin, L.",False,
"Björck, Niclas & Larsson, Fredrik","Björck, N. & Larsson, F.",False,
"Björck, Niclas & Liases, Katarina","Björck, N. & Liases, K.",False,
"Björck, Niclas m fl","Björck, N. et al.",False,et_al
"Björhem, B., Carlsson, M. & Svan, B","Björhem, B., Carlsson, M. & Svan, B.",False,
"Björhem, N & Säfvestad, U","Björhem, N. & Säfvestad, U.",False,
"Björk, Mikael m fl","Björk, M. et al.",False,et_al
"Björk, Niclas","Björk, N.",False,
"Björk, Niclas (red)","Björk, N. (ed.)",False,editor
"Björk, Tont & Wickberg, Ylva","Björk, T. & Wickberg, Y.",False,
"Björk, Tony","Björk, T.",False,
"Björk, Tony & Pettersson, Claes","Björk, T. & Pettersson, C.",False,
"Björk, Tony & Pettersson, Linda","Björk, T. & Pettersson, L.",False,
"Björk, Tony & Tronde, Brita","Björk, T. & Tronde, B.",False,
"Björk, Tony m fl","Björk, T. et al.",False,et_al
"Björk, Tony, Knarrström, Bo &l Persson, Carl","Björk, T., Knarrström, B. & l Persson, C.",False,
"Björk, Tove","Björk, T.",False,
"Björkhagar, Victoria","Björkhagar, V.",False,
"Björkhagar, Viktoria","Björkhagar, V.",False,
"Björkhagar, Viktoria & Lundgren, Roger","Björkhagar, V. & Lundgren, R.",False,
"Björkhager, Victoria &Lindberg, Rickard","Björkhager, V. & Lindberg, R.",False,
"Björkhager, Viktoria","Björkhager, V.",False,
"Björkhager, Viktoria & Feldt, Ann-Charlott Feldt","Björkhager, V. & Feldt, A.",False,
"Björklund, Samuel","Björklund, S.",False,
"Björnhem, Nils m fl","Björnhem, N. et al.",False,et_al
"Blennå, Inga","Blennå, I.",False,
"Blennå, Inga & Eriksson, Katarina","Blennå, I. & Eriksson, K.",False,
"Bless Karlsen, Katherine","Bless Karlsen, K.",False,
"Bless Karlsen, Katherine m fl","Bless Karlsen, K. et al.",False,et_al
Bless Karlsenm Katherine m fl,Bless Karlsenm Katherine et al.,True,"et_al,no_comma"
"Bless-Karlsen, Katrine","Bless-Karlsen, K.",False,
"Blomqvist, M., Fagerlund, D., Eriksson,T & Rosborg","Blomqvist, M., Fagerlund, D., Eriksson,T & Rosborg",True,odd_tokens
"Blomqvist, Malin & Frykberg, Yvonne","Blomqvist, M. & Frykberg, Y.",False,
"Blomqvist, Malin & Hedlund, John","Blomqvist, M. & Hedlund, J.",False,
"Blomqvist, Philip","Blomqvist, P.",False,
"Boije, Margareta, Jansson, Anders","Boije, M. & Jansson, A.",False,
"Bolander, Adam","Bolander, A.",False,
"Bolander, Adam & Larsson, Stefan","Bolander, A. & Larsson, S.",False,
"Bolin, Hans & Edenmo, Roger","Bolin, H. & Edenmo, R.",False,
"Boman, Emma","Boman, E.",False,
"Boman, emma","Boman, E.",False,
"Bondesson Hvid, Bo","Bondesson Hvid, B.",False,
"Bondesson, W, Forenius m fl","Bondesson, W, Forenius et al.",True,"et_al,odd_tokens"
"Bondesson, W., Lindberg, K-F., & Appelgren, K","Bondesson, W., Lindberg, K. & Appelgren, K.",False,
"Bondesson, Wivianne","Bondesson, W.",False,
"Bondesson, Wivianne & Strucke, Ulf","Bondesson, W. & Strucke, U.",False,
"Borg, Jan","Borg, J.",False,
"Borg, Jan & Kallerskog, Linnea","Borg, J. & Kallerskog, L.",False,
"Borg, Niklas","Borg, N.",False,
"Borna, Hélène","Borna, H.",False,
"Borna-Ahlkvist, Hélène","Borna-Ahlkvist, H.",False,
"Borna-Ahlqvist, Hélène & Larsson, Mats","Borna-Ahlqvist, H. & Larsson, M.",False,
"Bornefalk Back, Anders","Bornefalk Back, A.",False,
"Bornfalk Back, Anders","Bornfalk Back, A.",False,
"Boström, Sebastian","Boström, S.",False,
"Boström, Sebastian & Grehn, Fredrik","Boström, S. & Grehn, F.",False,
"Bramstång, C., Johansson, G. & Ryberg, E.","Bramstång, C., Johansson, G. & Ryberg, E.",False,
"Bramstång, Carina","Bramstång, C.",False,
"Bramstång, Carina & Artelius, Tore","Bramstång, C. & Artelius, T.",False,
"Bramstång, Carina & Gustafsson, Agneta","Bramstång, C. & Gustafsson, A.",False,
"Bramstång, Carina m fl","Bramstång, C. et al.",False,et_al
"Bratt, Peter","Bratt, P.",False,
"Bratt, Peter & Andersson, Kjell","Bratt, P. & Andersson, K.",False,
"Bratt, Peter & Lindström,Jonathan","Bratt, P. & Lindström, J.",False,
"Bratt, Peter & Werthwein, Göran","Bratt, P. & Werthwein, G.",False,
"Brink, Kristian","Brink, K.",False,
"Brink, Kristian & Hammarstrand, Katarina Dehman","Brink, K. & Hammarstrand, K.",False,
"Brink, Kristian & Hydén, Susan","Brink, K. & Hydén, S.",False,
"Brink, Kristian & Larsson, Stefan","Brink, K. & Larsson, S.",False,
"Brink, Kristian & Ohlsson, Therese","Brink, K. & Ohlsson, T.",False,
"Brink, Kristian & Wickberg, Ylva","Brink, K. & Wickberg, Y.",False,
"Brink, Kristian m fl","Brink, K. et al.",False,et_al
"Brink,Kristan & Grehn, Fredrik","Brink, K. & Grehn, F.",False,
"Broadbent, N., Bergvall, M. & Backe, M","Broadbent, N., Bergvall, M. & Backe, M.",False,
"Broberg, Anders","Broberg, A.",False,
"Broberg, Anders & Franke, Martina","Broberg, A. & Franke, M.",False,
"Broberg, Birgitta & Andersson, Kenneth","Broberg, B. & Andersson, K.",False,
"Browall, Hans","Browall, H.",False,
"Brunstedt, S & Carlsson, M","Brunstedt, S. & Carlsson, M.",False,
"Brunstedt, Solveig","Brunstedt, S.",False,
"Brunstedt, Solveig & Flodin, Lena","Brunstedt, S. & Flodin, L.",False,
"Brunstedt, Solveig & Sande, Birgitta","Brunstedt, S. & Sande, B.",False,
"Brunstedt, Solvig","Brunstedt, S.",False,
"Brynielsson, Maria","Brynielsson, M.",False,
"Burman, Agneta","Burman, A.",False,
"Burman, Agneta & Carlsson, Eva","Burman, A. & Carlsson, E.",False,
"Burman, Agneta & Sandberg, Fredrik","Burman, A. & Sandberg, F.",False,
"Burman, Ann Christin","Burman, A.",False,
"Burman, Ann-Christin","Burman, A.",False,
"Bäck, M, Hållans Stenholm A-M & Ljung, J-Å","Bäck, M, Hållans Stenholm A-M & Ljung, J-Å",True,odd_tokens
"Bäck, Mathas","Bäck, M.",False,
"Bäck, Mathias","Bäck, M.",False,
"Bäck, Mathias & Evanni, Loiuse","Bäck, M. & Evanni, L.",False,
"Bäck, Mathias & Hamilton, John","Bäck, M. & Hamilton, J.",False,
"Bäck, Mathias & Karlssom, Martin","Bäck, M. & Karlssom, M.",False,
"Bäck, Mathias & Romedahl, Helén","Bäck, M. & Romedahl, H.",False,
"Bäck, Mathias m fl","Bäck, M. et al.",False,et_al
"Bäck, Mathias, m fl","Bäck, M. et al.",False,et_al
"Bäckström, Ylva & Ljungkvist, John","Bäckström, Y. & Ljungkvist, J.",False,
"Bäckström, Ylva & Sundström, Anne I","Bäckström, Y. & Sundström, A.",False,
"Bäckström, Ylva, Hulth, Helena & Wikborg, Jonas","Bäckström, Y., Hulth, H. & Wikborg, J.",False,
"Bångenholm, G., Persson, P., Sjögren K-G","Bångenholm, G., Persson, P., Sjögren K-G",True,odd_tokens
"Börjesson, Anna","Börjesson, A.",False,
"Börjesson, Anna & Ohlsén, Marie","Börjesson, A. & Ohlsén, M.",False,
"Cademar Nilsson, Å., & Olsson, M.","Cademar Nilsson, Å. & Olsson, M.",False,
"Carelli, Peter","Carelli, P.",False,
"Carlie, Anne","Carlie, A.",False,
"Carlie, Anne & Ericson, Alf","Carlie, A. & Ericson, A.",False,
"Carlie, Anne & Lagergren, Anna","Carlie, A. & Lagergren, A.",False,
"Carlie, Anne & Lindberg, Sofia","Carlie, A. & Lindberg, S.",False,
"Carlie, Anne (red)","Carlie, A. (ed.)",False,editor
"Carlie, Anne m fl","Carlie, A. et al.",False,et_al
"Carlie, Lennart","Carlie, L.",False,
"Carlsson, Christer","Carlsson, C.",False,
"Carlsson, Dan","Carlsson, D.",False,
"Carlsson, Dan m fl","Carlsson, D. et al.",False,et_al
"Carlsson, Eva","Carlsson, E.",False,
"Carlsson, Eva & Hägerman, Britt-Mari","Carlsson, E. & Hägerman, B.",False,
"Carlsson, Eva & Hägerman, Britt-Marie","Carlsson, E. & Hägerman, B.",False,
"Carlsson, Eva & Hägerman, Britt-Marti","Carlsson, E. & Hägerman, B.",False,
"Carlsson, Eva & Lindberg, Karl-Fredrik","Carlsson, E. & Lindberg, K.",False,
"Carlsson, Eva & Lögdqvist Anna","Carlsson, E. & Lögdqvist, A.",False,
"Carlsson, Eva & Lögdqvist, Anna","Carlsson, E. & Lögdqvist, A.",False,
"Carlsson, Ilona","Carlsson, I.",False,
"Carlsson, Jonas","Carlsson, J.",False,
"Carlsson, M., Lindh, m., Sander, B, & Vinberg, A","Carlsson, M., Lindh, M., Sander, B. & Vinberg, A.",False,
"Carlsson, Martin","Carlsson, M.",False,
"Carlsson, Michael","Carlsson, M.",False,
"Carlsson, Michél","Carlsson, M.",False,
"Carlsson, Michél & Svensson, Kenneth","Carlsson, M. & Svensson, K.",False,
"Carlsson, R., Elfwendahl, M. & Perming, A.","Carlsson, R., Elfwendahl, M. & Perming, A.",False,
"Carlsson, R., Qviström, L., Syse, B. & Wallebom, U","Carlsson, R., Qviström, L., Syse, B. & Wallebom, U.",False,
"Carlsson, Ronnie","Carlsson, R.",False,
"Carlsson, Tom","Carlsson, T.",False,
"Carlsson, Tom & Jönis, Rosanna","Carlsson, T. & Jönis, R.",False,
"Carlsson, Tom m fl","Carlsson, T. et al.",False,et_al
"Carlsson, Tom, Elfstrand, Bengt m.fl","Carlsson, T. & Elfstrand, B. et al.",False,et_al
"Carlstein, Caj","Carlstein, C.",False,
"Celin, Ulf","Celin, U.",False,
"Celin, Ulf & Ekluind, Susanna","Celin, U. & Ekluind, S.",False,
"Celin, Ulf & Guinard, Michel","Celin, U. & Guinard, M.",False,
"Celin, Ulf & Wikborg, Jonas","Celin, U. & Wikborg, J.",False,
"Christiansson, Hans & Knutsson, Kjel (ed)","Christiansson, H. & Knutsson, K.",False,
"Christoffersson, Kerstin","Christoffersson, K.",False,
"Chíobháin, Delia Ní","Chíobháin, D.",False,
"Claesson, Eivind","Claesson, E.",False,
"Claesson, P., Andersson, J & Johansson, G","Claesson, P., Andersson, J. & Johansson, G.",False,
"Claesson, Pia","Claesson, P.",False,
"Claesson, Pia (red)","Claesson, P. (ed.)",False,editor
"Claesson, Pia m fl","Claesson, P. et al.",False,et_al
"Claesson, Pia, (red)","Claesson, P. (ed.)",False,editor
"Claréus, Carin","Claréus, C.",False,
"Clàesson, Annelie & Feldt, Ann-Charlott","Clàesson, A. & Feldt, A.",False,
"Connelid, Per","Connelid, P.",False,
"Connelid, Pär","Connelid, P.",False,
"Connelid, Pär & Lindman, Gundela","Connelid, P. & Lindman, G.",False,
"Connelid, Pär & Ängeby, Gisela","Connelid, P. & Ängeby, G.",False,
"Crawford, J., Olsson, K. & Ortman, O.","Crawford, J., Olsson, K. & Ortman, O.",False,
"Cronberg, C. & Schmidt Sabo, K","Cronberg, C. & Schmidt Sabo, K.",False,
"Cullberg, C. & Cullberg, K. (red)","Cullberg, C. & Cullberg, K. (ed.)",False,editor
"Cullberg, Kjerstin","Cullberg, K.",False,
Dalarnas Museum,Dalarnas Museum,True,no_comma
"Damell, David","Damell, D.",False,
"Damell, David &  Olle Lorin, Olle","Damell, D. & Olle Lorin, O.",False,
"Dardel, Eric","Dardel, E.",False,
"Dardel, Erik","Dardel, E.",False,
"Dardel, Erik & Norr, Svante","Dardel, E. & Norr, S.",False,
"Dardel, Erik & Spijkerman, Igela","Dardel, E. & Spijkerman, I.",False,
"Darmark, K., Guinard, M. & Stenbeck, N","Darmark, K., Guinard, M. & Stenbeck, N.",False,
"Darmark, Kim m fl","Darmark, K. et al.",False,et_al
"Ditra Leivas, Ivonne","Ditra Leivas, I.",False,
"Drotz, Margareta","Drotz, M.",False,
"Drotz, Margareta & Ekman, Tomas","Drotz, M. & Ekman, T.",False,
"Dunkan, Alexander","Dunkan, A.",False,
"Dunér, J & Mutikainen, M","Dunér, J. & Mutikainen, M.",False,
"Dunér, J., Ericsson, A., Evanni, L. och Runcis, J.","Dunér, J., Ericsson, A., Evanni, L. & Runcis, J.",False,
"Dunér, Jan","Dunér, J.",False,
"Dunér, Jan & Evanni, Louise","Dunér, J. & Evanni, L.",False,
"Dunér, Jan & Vinberg, Ann","Dunér, J. & Vinberg, A.",False,
"Dutra Leivas, Ivonne","Dutra Leivas, I.",False,
"Dutra Leivas, Ivonne & Victor, Helena","Dutra Leivas, I. & Victor, H.",False,
"Dutra Leivas, Ivonne & Åstrand, Johan","Dutra Leivas, I. & Åstrand, J.",False,
"Dutra Leivas, Ivonne m fl","Dutra Leivas, I. et al.",False,et_al
"Dutra Leivas, Ivonne. & Hennius, Andreas","Dutra Leivas, I. & Hennius, A.",False,
E-post,E-post,True,no_comma
"Eboskog, Mats","Eboskog, M.",False,
"Eboskog, Mikael","Eboskog, M.",False,
"Edenmo, R., Graner, G., Larsson, H, "" Lindholm, P.","Edenmo, R., Graner, G., Larsson, H. & "" Lindholm, P.",False,
"Edenmo, R., Hamilton, J. & Stjerna, N.","Edenmo, R., Hamilton, J. & Stjerna, N.",False,
"Edenmo, Roger","Edenmo, R.",False,
"Edenmo, Roger & Nordell, Maria","Edenmo, R. & Nordell, M.",False,
"Edenmo, Roger & Strucke, Ulf","Edenmo, R. & Strucke, U.",False,
"Edenmo, Roger & Vinberg, Ann","Edenmo, R. & Vinberg, A.",False,
"Edlund, Martin","Edlund, M.",False,
"Edlund, Martin & Evanni, Louise","Edlund, M. & Evanni, L.",False,
"Edring, Anders","Edring, A.",False,
Edring. Anders,"Edring, A.",False,no_comma
"Edvinsson, Anders","Edvinsson, A.",False,
"Egebäck, Anna m fl","Egebäck, A. et al.",False,et_al
"Egebäck, P-E., Eriksson, M., Graner, G. & Holm, J.","Egebäck, P., Eriksson, M., Graner, G. & Holm, J.",False,
"Egebäck, P-E., Graber, G., Holm, J","Egebäck, P., Graber, G. & Holm, J.",False,
"Egebäck, Per-Erik","Egebäck, P.",False,
"Ekblom, Camilla","Ekblom, C.",False,
"Ekerow, Hans & Ingwald, Johan","Ekerow, H. & Ingwald, J.",False,
"Ekholm, Therese","Ekholm, T.",False,
"Eklund Susanna & Prata, Sofia","Eklund Susanna & Prata, Sofia",True,odd_tokens
"Eklund Susanna & Wikborg, Jonas","Eklund Susanna & Wikborg, Jonas",True,odd_tokens
"Eklund, Eklund","Eklund, E.",False,
"Eklund, Susanna","Eklund, S.",False,
"Eklund, Susanna &Thölin, Fredrik","Eklund, S. & Thölin, F.",False,
"Eklöf, Nina","Eklöf, N.",False,
"Ekman, Thomas & Seving, Bo","Ekman, T. & Seving, B.",False,
"Ekman, Thomas & Sundberg, Karin","Ekman, T. & Sundberg, K.",False,
"Ekman, Tomas","Ekman, T.",False,
"Ekman, Tomas & Neander, Karin","Ekman, T. & Neander, K.",False,
"Ekman, Tomas m fl","Ekman, T. et al.",False,et_al
"Ekstrand, Sofie","Ekstrand, S.",False,
"Elfstrand, Bengt","Elfstrand, B.",False,
"Elfstrand, Bengt & Vinberg, Ann","Elfstrand, B. & Vinberg, A.",False,
"Elfwendahl, Magnus","Elfwendahl, M.",False,
"Eliason, Laila","Eliason, L.",False,
"Eliasson, L., Forsberg, L., Georg, O., m fl","Eliasson, L., Forsberg, L. & Georg, O. et al.",False,et_al
"Eliasson, Laila","Eliasson, L.",False,
"Elisabet Pettersson & Eklund, Susanna","Elisabet Pettersson & Eklund, Susanna",True,odd_tokens
"Elisasson, Laila & Kishonti, Ingela","Elisasson, L. & Kishonti, I.",False,
"Emanuelsson Maud & Harrysson, Ingela","Emanuelsson Maud & Harrysson, Ingela",True,odd_tokens
"Emanuelsson, M. & Harrysson, I.","Emanuelsson, M. & Harrysson, I.",False,
"Emanuelsson, M., Johansson, A., m.fl.","Emanuelsson, M. & Johansson, A. et al.",False,et_al
"Emanuelsson, Maud","Emanuelsson, M.",False,
"Emanuelsson, Maud & Holm, Jenny","Emanuelsson, M. & Holm, J.",False,
"Emanuelsson, Maud & Lihammer, Anna","Emanuelsson, M. & Lihammer, A.",False,
"Emanuelsson, Maud & Säl, Elinl","Emanuelsson, M. & Säl, E.",False,
"Emanuelsson, Maud m fl","Emanuelsson, M. et al.",False,et_al
"Emanuelsson, maud","Emanuelsson, M.",False,
Emanuelsson. Maud,"Emanuelsson, M.",False,no_comma
"Emauelsson, Maud m fl","Emauelsson, M. et al.",False,et_al
"Emilsson A., Lundholm, S. & Vestbö Franzen, Å.","Emilsson A., Lundholm, S. & Vestbö Franzen, Å",True,odd_tokens
"Emilsson, A., Gunnarsson, F, & Åstrand , J","Emilsson, A., Gunnarsson, F. & Åstrand, J.",False,
"Emilsson, A., Jansson, K. & Thérus, Jhonny","Emilsson, A., Jansson, K. & Thérus, J.",False,
"Emilsson, Andreas","Emilsson, A.",False,
"Emilsson, Andreas & Åstrand Johan","Emilsson, Andreas & Åstrand Johan",True,odd_tokens
"Emilsson, Andreas m. fl","Emilsson, A. et al.",False,et_al
"Emmanuelsson, Maud","Emmanuelsson, M.",False,
"Enebäck, Berit & Engman, Fredrik","Enebäck, B. & Engman, F.",False,
"Englund, Lars-Erik","Englund, L.",False,
"Englund, Mia","Englund, M.",False,
"Englund, Mia & Hamilton, John","Englund, M. & Hamilton, J.",False,
"Englund, Mia m fl","Englund, M. et al.",False,et_al
"Engman, Anna","Engman, A.",False,
"Engman, F., Nylén, A, Stark, K.","Engman, F., Nylén, A. & Stark, K.",False,
"Engman, Fredrik","Engman, F.",False,
"Engman, Fredrik & Duffin, Michael","Engman, F. & Duffin, M.",False,
"Engman, Fredrik & Säfström, Simon","Engman, F. & Säfström, S.",False,
"Engman, Fredrik & Ternström, Clas","Engman, F. & Ternström, C.",False,
"Engman, Patrik","Engman, P.",False,
"Engman, fredrik","Engman, F.",False,
"Engström, Tony","Engström, T.",False,
"Engström, Tony & Pettersson, Elisabet","Engström, T. & Pettersson, E.",False,
"Engström, Tony & Wikborg, Jonas","Engström, T. & Wikborg, J.",False,
"Enqvist, Delia Ní Chíobháin & Gainsford, Matthew","Enqvist, D. & Gainsford, M.",False,
"Ericson Borggren, T., Olsson, M.","Ericson Borggren, T. & Olsson, M.",False,
"Ericson Borggren, Tyra","Ericson Borggren, T.",False,
"Ericson, Lagerås, Karin","Ericson, Lagerås, Karin",True,odd_tokens
"Ericson, T., Månsson, S. & Serlander, D.","Ericson, T., Månsson, S. & Serlander, D.",False,
"Ericson, Tyra","Ericson, T.",False,
"Ericson, Tyra & Hellerström, Sven","Ericson, T. & Hellerström, S.",False,
"Ericson, Tyra & Henriksson, Michael","Ericson, T. & Henriksson, M.",False,
"Ericson, Tyra & Knarrström, Annika","Ericson, T. & Knarrström, A.",False,
"Ericson, Tyra & Lagergren, Lagergren","Ericson, T. & Lagergren, L.",False,
"Ericson, Tyra & Serlander, Daniel","Ericson, T. & Serlander, D.",False,
"Ericson, Tyra & Trulsson, Nina","Ericson, T. & Trulsson, N.",False,
"Ericson, Tyra & Wickberg, Ylva","Ericson, T. & Wickberg, Y.",False,
"Ericson, Tyra m fl","Ericson, T. et al.",False,et_al
"Ericsson, Alf","Ericsson, A.",False,
"Ericsson, Alf & Carson, Tom","Ericsson, A. & Carson, T.",False,
"Ericsson, Alf & Franzén, Gert","Ericsson, A. & Franzén, G.",False,
"Ericsson, Alf & Nilsson, Per","Ericsson, A. & Nilsson, P.",False,
"Ericsson, Alf & Stenvall, Johan","Ericsson, A. & Stenvall, J.",False,
"Ericsson, Alf m. fl","Ericsson, A. et al.",False,et_al
"Ericsson, Alf, Petersson, Maria & Ranheden, Håkan","Ericsson, A., Petersson, M. & Ranheden, H.",False,
"Ericsson, Gertie","Ericsson, G.",False,
"Ericsson, Tyra","Ericsson, T.",False,
Eriksson Katarina,Eriksson Katarina,True,no_comma
"Eriksson, Andreas Alexandersson, Kennwth","Eriksson, Andreas Alexandersson, Kennwth",True,odd_tokens
"Eriksson, Caroline","Eriksson, C.",False,
"Eriksson, K. Persson, M. & Ulfhielm, B","Eriksson, K. Persson, M. & Ulfhielm, B",True,odd_tokens
"Eriksson, Katarina & Gran Danielsson, Benjamin","Eriksson, K. & Gran Danielsson, B.",False,
"Eriksson, Magnus & Wikell, Roger","Eriksson, M. & Wikell, R.",False,
"Eriksson, Markus","Eriksson, M.",False,
"Eriksson, Mats","Eriksson, M.",False,
"Eriksson, T., Anderung-Nordin, Ch., Wigg, A-S","Eriksson, T., Anderung-Nordin, C. & Wigg, A.",False,
"Eriksson, T., Holm, J., Lindkvist, A & Westin, Å.","Eriksson, T., Holm, J., Lindkvist, A. & Westin, Å.",False,
"Eriksson, Thomas","Eriksson, T.",False,
"Eriksson, Thomas & Anund, Johan","Eriksson, T. & Anund, J.",False,
"Eriksson, Thomas & Häringe Friborg, Kajsa","Eriksson, T. & Häringe Friborg, K.",False,
"Eriksson, Thomas & Nelsson, Mats","Eriksson, T. & Nelsson, M.",False,
"Eriksson, Thomas & Ählström, Jan","Eriksson, T. & Ählström, J.",False,
"Eriksson, Thomas & Östling, Anna","Eriksson, T. & Östling, A.",False,
"Eriksson, Thomas m fl","Eriksson, T. et al.",False,et_al
"Eriksson, katarina","Eriksson, K.",False,
"Ersson, Per-Göran","Ersson, P.",False,
"Evan Skloe, J & Hellgren, Mats","Evan Skloe, J. & Hellgren, M.",False,
"Evan Skole, J & Lega, Johanna","Evan Skole, J. & Lega, J.",False,
"Evanni, L., Englund, M. & Forenius, S.","Evanni, L., Englund, M. & Forenius, S.",False,
"Evanni, L., Hamilton, J., Lindwall, L & Runer, J","Evanni, L., Hamilton, J., Lindwall, L. & Runer, J.",False,
"Evanni, L., Nilsson, M.l. & Renck, A. M.,","Evanni, L., Nilsson, M. & Renck, A.",False,
"Evanni, Louise","Evanni, L.",False,
"Evanni, Louise & Johansson, Åke","Evanni, L. & Johansson, Å.",False,
"Evanni, Louise & Strucke, Ulf","Evanni, L. & Strucke, U.",False,
"Evertsson, Elin (projled.)","Evertsson, E.",False,
"Evertsson, Elin m fl","Evertsson, E. et al.",False,et_al
"Fagerlund, Dan","Fagerlund, D.",False,
"Fagerlund, Dan & Frölund, Per","Fagerlund, D. & Frölund, P.",False,
"Fagerlund, Dan & Hennius, Andreas","Fagerlund, D. & Hennius, A.",False,
"Fagerlund, Dan & Qviström, Linda","Fagerlund, D. & Qviström, L.",False,
"Fagerlund, Dan & Rosborg, Britta","Fagerlund, D. & Rosborg, B.",False,
"Fagerlund, Dan & Åberg, Kerstin","Fagerlund, D. & Åberg, K.",False,
"Fagerlund, Dan m fl","Fagerlund, D. et al.",False,et_al
"Fagerlund, Dan. Rapport 2: Svedberg, Åsa","Fagerlund, Dan. Rapport 2: Svedberg, Åsa",True,"digits,odd_tokens"
"Fahlberg, David","Fahlberg, D.",False,
"Falkenström, Per","Falkenström, P.",False,
"Falkenström, p., Guinard, M. & Stenbeck, N","Falkenström, P., Guinard, M. & Stenbeck, N.",False,
"Feldt, A-C., Hörfors, O., Skoglund, M.","Feldt, A., Hörfors, O. & Skoglund, M.",False,
"Feldt, Ann-Charlott","Feldt, A.",False,
"Feldt, Ann-Charlott & Burman, Ann-Christin","Feldt, A. & Burman, A.",False,
"Feldt, Ann-Charlott & Lindberg, Markus","Feldt, A. & Lindberg, M.",False,
"Feldt, Ann-Charlott & Svarvar, Kjell","Feldt, A. & Svarvar, K.",False,
"Feldt, Ann-Charlott & Wennerlund, Jessica","Feldt, A. & Wennerlund, J.",False,
"Feldt, Ann-Charlott & hörfors, Olle","Feldt, A. & hörfors, O.",False,
"Feldt, Ann.Charlott","Feldt, A.",False,
"Feldt,Ann-Charlott","Feldt, A.",False,
"Fendin, T., Ericson, T. & Persson, C.","Fendin, T., Ericson, T. & Persson, C.",False,
"Fendin, Titti","Fendin, T.",False,
"Fendin, Titti & Ericson Borgren, Tyra","Fendin, T. & Ericson Borgren, T.",False,
"Fernholm, Ragnhild","Fernholm, R.",False,
"Filipsson, Else-Britt","Filipsson, E.",False,
"Filipsson, Else-Britt & von der Luft, Magnus","Filipsson, E. & von der Luft, M.",False,particle
"Flodin, Barbro","Flodin, B.",False,
"Flodin, Lena & Hyenstrand, Eva","Flodin, L. & Hyenstrand, E.",False,
"Flodström, Lars","Flodström, L.",False,
"Flood, Agneta","Flood, A.",False,
"Flood, Agneta & Hed Jakobsson, Anna","Flood, A. & Hed Jakobsson, A.",False,
"Flöög, Stefan & Pajusi, Arwo","Flöög, S. & Pajusi, A.",False,
"Foghammar, Marianne & Sander, Birgitta","Foghammar, M. & Sander, B.",False,
"Foghammar-Summanen, Marianne","Foghammar-Summanen, M.",False,
"Forenius, Svante & Lindberg Karl-Fredrik","Forenius, Svante & Lindberg Karl-Fredrik",True,odd_tokens
"Forenius, Svante & Lindberg, Karl-Fredrik","Forenius, S. & Lindberg, K.",False,
"Forenius, svante m fl","Forenius, S. et al.",False,et_al
"Forholt, Martin","Forholt, M.",False,
"Fors, T., Viking, U. & Wranning, P","Fors, T., Viking, U. & Wranning, P.",False,
"Fors, Tina","Fors, T.",False,
"Fors, Tina & Gerdin, Anna-Lena","Fors, T. & Gerdin, A.",False,
"Fors, Tina & Westergaard, Bengt","Fors, T. & Westergaard, B.",False,
"Forsberg, Lennart","Forsberg, L.",False,
"Forsberg, Lennart & George, Ola","Forsberg, L. & George, O.",False,
"Forsberg, Madeleine & Rönngren, Johnny","Forsberg, M. & Rönngren, J.",False,
"Forsell, Ellinopr & Olsson, Hans","Forsell, E. & Olsson, H.",False,
"Forsell, Ellinor","Forsell, E.",False,
"Forsell, Ellinor & Wallbom, Björn","Forsell, E. & Wallbom, B.",False,
"Forsgren, Andreas","Forsgren, A.",False,
"Forsman, Camilla","Forsman, C.",False,
"Forsman, Camilla & Hagström, Sara","Forsman, C. & Hagström, S.",False,
"Forsman, Camilla & Victor, Helena","Forsman, C. & Victor, H.",False,
"Forssblad, Dag","Forssblad, D.",False,
"Forssell, Ellinor","Forssell, E.",False,
"Forssell, Ellinor & Wallbom, Björn","Forssell, E. & Wallbom, B.",False,
"Franzén, B-M, Göthberg, H & Karlenby, L","Franzén, B., Göthberg, H. & Karlenby, L.",False,
"Franzén, Bitte & Schützler, Lillemor","Franzén, B. & Schützler, L.",False,
"Franzén, Britt-Marie & Färjare, Anette","Franzén, B. & Färjare, A.",False,
"Franzén, Gert 6 Hörfors, Olle","Franzén, Gert 6 Hörfors, Olle",True,"digits,odd_tokens"
"Fredholm, Mikael","Fredholm, M.",False,
"Fredholm, Mikael & Draeseke, Trevor","Fredholm, M. & Draeseke, T.",False,
"Fredholm, Mikael & Hansson, Jim","Fredholm, M. & Hansson, J.",False,
"Fredman, Per-Olof","Fredman, P.",False,
"Fredriksson, Bo","Fredriksson, B.",False,
"Frejd, Joakim","Frejd, J.",False,
"Friberg, Louise","Friberg, L.",False,
"Fridén, Imelda Bakunic","Fridén, I.",False,
"Friman, Bo","Friman, B.",False,
"Friman, Bo & Lagerås, Per","Friman, B. & Lagerås, P.",False,
"Frisk, Mattias","Frisk, M.",False,
"Frisk, Mattias & Ortman, Oscar","Frisk, M. & Ortman, O.",False,
"Frykberg, Y & Lindgren, C","Frykberg, Y. & Lindgren, C.",False,
"Frykberg, Y, Granath Zillén, G & Lindh, M","Frykberg, Y., Granath Zillén, G. & Lindh, M.",False,
"Frykberg, Yvonne","Frykberg, Y.",False,
"Frykberg, Yvonne & Lindholm, Pehr","Frykberg, Y. & Lindholm, P.",False,
"Frölund, Per","Frölund, P.",False,
"Frölund, Per & Larsson, Lars-Inge","Frölund, P. & Larsson, L.",False,
"Frölund, Per & Schütz, Berit (red)","Frölund, P. & Schütz, B. (ed.)",False,editor
"Frölund, Per m fl","Frölund, P. et al.",False,et_al
"Furingsten, Agne","Furingsten, A.",False,
"Färgare, Eldrun","Färgare, E.",False,
"Färjare, Anette","Färjare, A.",False,
"Färjare, Anette & Hammar, Dag","Färjare, A. & Hammar, D.",False,
"Färjare, Anette & Olsson, Eva","Färjare, A. & Olsson, E.",False,
"Färjare, Anette & Perming, Anna","Färjare, A. & Perming, A.",False,
"Färjare, Anette & Strucke, Ulr","Färjare, A. & Strucke, U.",False,
"Färjare, Anette & Wikell, Roger","Färjare, A. & Wikell, R.",False,
"Gainsford, Matthew","Gainsford, M.",False,
"Gardeström, Sten","Gardeström, S.",False,
"Gatti, Ch., Holm, J & Säll, E.","Gatti, C., Holm, J. & Säll, E.",False,
"Gatti, Christian","Gatti, C.",False,
"Gatti, Christian & Holm, Jenny","Gatti, C. & Holm, J.",False,
"Gatti, Christian & Jensen, Ronnie","Gatti, C. & Jensen, R.",False,
"Gatti, Christian & holm, Jenny","Gatti, C. & holm, J.",False,
"Gatti, Christian & Ählström, Jan","Gatti, C. & Ählström, J.",False,
"Gatti, Christian m fl","Gatti, C. et al.",False,et_al
"Gauffin, Sten","Gauffin, S.",False,
"Georg, Ola","Georg, O.",False,
"George, Ola","George, O.",False,
"George, Ola & Ulfhielm, Bo","George, O. & Ulfhielm, B.",False,
"George, Ola & Valdimarsdóttir, Inga Hlín","George, O. & Valdimarsdóttir, I.",False,
"Gerdin, Anna-Lena","Gerdin, A.",False,
"Gerdin, Anna-Lena & Munkenberg, Betty-Ann","Gerdin, A. & Munkenberg, B.",False,
"Gerdin, Anna-Lena & Streiffert, Jörgen","Gerdin, A. & Streiffert, J.",False,
"Gidlöf, K., Hammarstrand Dehman, K & Johansson, T.","Gidlöf, K., Hammarstrand Dehman, K. & Johansson, T.",False,
"Gill, Alexander","Gill, A.",False,
"Gillbrand, Patrik & Norberg, Lars","Gillbrand, P. & Norberg, L.",False,
"Glöde, Anette","Glöde, A.",False,
"Gob, André","Gob, A.",False,
"Goldhahn, Joakim","Goldhahn, J.",False,
"Gollwitzer, Martin","Gollwitzer, M.",False,
Grahn Danielson Benjamin,Grahn Danielson Benjamin,True,no_comma
"Grahn Danielson, Bejamin & Gunnarsson, Daniel","Grahn Danielson, B. & Gunnarsson, D.",False,
"Grahn Danielson, Benjamin","Grahn Danielson, B.",False,
"Grahn Danielson, Benjamin & Gunnarsson, Daniel","Grahn Danielson, B. & Gunnarsson, D.",False,
"Grahn Danielsson, Benjamin","Grahn Danielsson, B.",False,
"Grahn-Danielsson, Benjamin","Grahn-Danielsson, B.",False,
"Grahn-Danielsson, Benjamin & Toreld, Andreas","Grahn-Danielsson, B. & Toreld, A.",False,
"Gran Danielsson, Benjamin","Gran Danielsson, B.",False,
"Gran-Danielson, Nejamin & Östlund, Annika","Gran-Danielson, N. & Östlund, A.",False,
"Granath Zillén, Gunilla","Granath Zillén, G.",False,
"Granath, Y., von der Luft, M. & Rönnkvist, K.","Granath, Y., von der Luft, M. & Rönnkvist, K.",False,particle
"Granath-Zillén, Gunilla m fl","Granath-Zillén, G. et al.",False,et_al
"Grandin, L., Hjärthner-Holdar, E., Strucke, U.","Grandin, L., Hjärthner-Holdar, E. & Strucke, U.",False,
"Grandin, Lena","Grandin, L.",False,
"Grandin, Lena & Hjärthner-Holdar, Eva","Grandin, L. & Hjärthner-Holdar, E.",False,
"Grandin, Lena & Häggström, Leif","Grandin, L. & Häggström, L.",False,
"Grandin, Lena & Willim, Annika","Grandin, L. & Willim, A.",False,
"Grandin, Lena, Andersson, Aniel","Grandin, L. & Andersson, A.",False,
"Graner, G., Holm, J. & Hårding, B.","Graner, G., Holm, J. & Hårding, B.",False,
"Graner, G., Knabe, E & Thorsberg, K.","Graner, G., Knabe, E. & Thorsberg, K.",False,
"Graner, Gunlög","Graner, G.",False,
"Graner, Gunlög & Johannessen, Ann-Cathrine","Graner, G. & Johannessen, A.",False,
"Graner, Gunlög & Luthander, Ann","Graner, G. & Luthander, A.",False,
"Granlund, Susanne","Granlund, S.",False,
"Grehn, Fredrik","Grehn, F.",False,
"Grehn, Fredrik & Boström ,Sebastian","Grehn, F. & Boström, S.",False,
"Grehn, Fredrik & Brink, Kristian","Grehn, F. & Brink, K.",False,
"Grehn, Fredrik & Ohlsson, Therese","Grehn, F. & Ohlsson, T.",False,
"Grehn, Fredrik & Öijeberg, Jan","Grehn, F. & Öijeberg, J.",False,
"Grenler, Helen & Strucke, Ulf","Grenler, H. & Strucke, U.",False,
"Grimbe, Jannica","Grimbe, J.",False,
"Groop, Niklas","Groop, N.",False,
"Gruber, Göran","Gruber, G.",False,
"Gruber, Göran m fl","Gruber, G. et al.",False,et_al
"Grundberg, Leif & Hellberg, Katarina","Grundberg, L. & Hellberg, K.",False,
"Grundberg, Leif & Hembjer, Pernilla","Grundberg, L. & Hembjer, P.",False,
"Grundberg, Leif & Wikström, Siv","Grundberg, L. & Wikström, S.",False,
"Grusmark, Cecilia","Grusmark, C.",False,
"Grusmark, Cecilia & Sillén, Peter","Grusmark, C. & Sillén, P.",False,
"Grälls, Anika & Westin, Åsa","Grälls, A. & Westin, Å.",False,
"Grälls, Annika & Ramström, Annica","Grälls, A. & Ramström, A.",False,
"Grön, Camilla","Grön, C.",False,
"Grön, Camilla & Sander, Birgitta","Grön, C. & Sander, B.",False,
"Grön, Camilla & Sundberg, Karin","Grön, C. & Sundberg, K.",False,
"Grönvall, Richard","Grönvall, R.",False,
"Grönwall, R., Werthwein, G. & Hamilton, J.,","Grönwall, R., Werthwein, G. & Hamilton, J.",False,
"Grönwall, Richard","Grönwall, R.",False,
"Grönwall, Richard & Höglin, Stefan","Grönwall, R. & Höglin, S.",False,
"Grönwall, Richard & Högling, Stefan","Grönwall, R. & Högling, S.",False,
"Grönwall, Richard & Werthwein, Göran","Grönwall, R. & Werthwein, G.",False,
"Grönwall, Richard & Widerström, Per","Grönwall, R. & Widerström, P.",False,
"Guinard, Michel","Guinard, M.",False,
"Guinard, Michel & Sundin, Lena","Guinard, M. & Sundin, L.",False,
"Guinard, Michel & Sundström, Lars","Guinard, M. & Sundström, L.",False,
"Guinard, Michel & Vogel, Pierre","Guinard, M. & Vogel, P.",False,
"Guinard, Michel & Vogel, Pierre (red)","Guinard, M. & Vogel, P. (ed.)",False,editor
"Guinard, Michel m fl","Guinard, M. et al.",False,et_al
"Gummesson, Sara & Molin, Fredrik","Gummesson, S. & Molin, F.",False,
"Gunnarsson, Daniel & Pettersson, Mats","Gunnarsson, D. & Pettersson, M.",False,
"Gunnarsson, Fredrik","Gunnarsson, F.",False,
"Gustafsson ,Per","Gustafsson, P.",False,
"Gustafsson Gillbrand,  Patrik","Gustafsson Gillbrand, P.",False,
"Gustafsson Gillbrand, Patrik","Gustafsson Gillbrand, P.",False,
"Gustafsson Gillbrand, Patrik & Svensson, Ingeborg","Gustafsson Gillbrand, P. & Svensson, I.",False,
"Gustafsson, Agneta","Gustafsson, A.",False,
"Gustafsson, Anders","Gustafsson, A.",False,
"Gustafsson, Jörgen","Gustafsson, J.",False,
"Gustafsson, Jörgen & Hylén, Håkan","Gustafsson, J. & Hylén, H.",False,
"Gustafsson, Jörgen & Nordman, Ann-Marie","Gustafsson, J. & Nordman, A.",False,
"Gustafsson, Malin","Gustafsson, M.",False,
"Gustafsson, Malin & Källström, Liselotte","Gustafsson, M. & Källström, L.",False,
"Gustafsson, Malin & Olsson, Robin","Gustafsson, M. & Olsson, R.",False,
"Gustafsson, Patrik","Gustafsson, P.",False,
"Gustafsson, Patrik & Nordin, Mikael","Gustafsson, P. & Nordin, M.",False,
"Gustafsson, Patrik & Pettersson, Björn","Gustafsson, P. & Pettersson, B.",False,
"Gustafsson, Per","Gustafsson, P.",False,
"Gustafsson, Per & Kihlstedt, Britta","Gustafsson, P. & Kihlstedt, B.",False,
"Gustafsson, Per & Neander, Karin","Gustafsson, P. & Neander, K.",False,
"Gustafsson, Per m fl","Gustafsson, P. et al.",False,et_al
"Gustafsson, Per, m fl","Gustafsson, P. et al.",False,et_al
"Gustafsson, Peter, Hellerström, Sven, Lagerås, Per","Gustafsson, P., Hellerström, S. & Lagerås, P.",False,
"Gustafsson, Stefan & Eliasson, Laila","Gustafsson, S. & Eliasson, L.",False,
"Gustavsson, Anna","Gustavsson, A.",False,
"Gustavsson, Elinor","Gustavsson, E.",False,
"Gustavsson, Fredrik","Gustavsson, F.",False,
"Gustavsson, Jeanette","Gustavsson, J.",False,
Göran Wertwein,Göran Wertwein,True,no_comma
"Göthberg, Anders","Göthberg, A.",False,
"Göthberg, H., Forenius, S. & Karlenby, L.","Göthberg, H., Forenius, S. & Karlenby, L.",False,
"Göthberg, H., Kyhlberg, O & Vinberg, A","Göthberg, H., Kyhlberg, O. & Vinberg, A.",False,
"Göthberg, H., Qviström, L. Ölund, A.","Göthberg, H., Qviström, L. Ölund, A",True,odd_tokens
"Göthberg, Hans","Göthberg, H.",False,
"Göthberg, Hans & Franzén, Britt-Marie","Göthberg, H. & Franzén, B.",False,
"Göthberg, Hans & Holm, Jenny","Göthberg, H. & Holm, J.",False,
"Göthberg, Hans & Schütz, Berit","Göthberg, H. & Schütz, B.",False,
"Göthberg, Hans & Seiler, Qanton","Göthberg, H. & Seiler, Q.",False,
"Göthberg, Hans (red.)","Göthberg, H. (ed.)",False,editor
"Göthberg, Hans m fl","Göthberg, H. et al.",False,et_al
"Habbe, Ann-Marie","Habbe, A.",False,
"Hadevik, Claes & Gidlöf, Kristina","Hadevik, C. & Gidlöf, K.",False,
"Hadevik, Claes m fl","Hadevik, C. et al.",False,et_al
"Hagberg, Christoffer & Kjällquist, Mathilda","Hagberg, C. & Kjällquist, M.",False,
"Hagberg, Linus","Hagberg, L.",False,
"Hagberg, Linus & Lindberg, Sofia","Hagberg, L. & Lindberg, S.",False,
"Hagberg, Linus & Nilsson, Pia","Hagberg, L. & Nilsson, P.",False,
"Hagelqvist, Tony & Widenborg, Mats","Hagelqvist, T. & Widenborg, M.",False,
"Haglund, Lotten & Jansson, Kristina","Haglund, L. & Jansson, K.",False,
"Hallberg, Patrik","Hallberg, P.",False,
"Hallesjö, Maria","Hallesjö, M.",False,
"Hallesjö, Maria & Hamilton, John","Hallesjö, M. & Hamilton, J.",False,
Hallesjö. Maria,"Hallesjö, M.",False,no_comma
"Hallgren, Anna-Lena","Hallgren, A.",False,
"Hallgren, Anna-Lena & Frisk, Mattias","Hallgren, A. & Frisk, M.",False,
"Hallgren, Anna-Lena m fl","Hallgren, A. et al.",False,et_al
"Hallgren, F., Bergström, Å. & Larsson, Å","Hallgren, F., Bergström, Å. & Larsson, Å.",False,
"Hallgren, Fredrik","Hallgren, F.",False,
"Hallgren, Fredrik (red)","Hallgren, F. (ed.)",False,editor
"Haltiner Nordströ,, Susanne","Haltiner Nordströ, S.",False,
"Haltiner Nordström, Susanne","Haltiner Nordström, S.",False,
"Hamilton, J & Sieurin-Lönnqvist","Hamilton, J & Sieurin-Lönnqvist",True,odd_tokens
"Hamilton, J., Werthwein, G. & Grandin, L","Hamilton, J., Werthwein, G. & Grandin, L.",False,
"Hamilton, John","Hamilton, J.",False,
"Hamilton, John & Lindberg, Magnus","Hamilton, J. & Lindberg, M.",False,
"Hamilton, John & Östlund, Susanne","Hamilton, J. & Östlund, S.",False,
"Hammarstrand Dehman, K., Jansen, J. & Hanny S.","Hammarstrand Dehman, K., Jansen, J. & Hanny, S.",False,
"Hammarstrand Dehman, Karina & Edring, Anders","Hammarstrand Dehman, K. & Edring, A.",False,
"Hansson, Anders","Hansson, A.",False,
"Hansson, Jim & Sundberg, Karin","Hansson, J. & Sundberg, K.",False,
"Hansson, Krister & Celin, Ulf","Hansson, K. & Celin, U.",False,
"Hansson, M., Skoglund, P & Torstensdotter Åhlin, I","Hansson, M., Skoglund, P. & Torstensdotter Åhlin, I.",False,
"Hansson, Martin","Hansson, M.",False,
"Hansson, Pär","Hansson, P.",False,
"Harnesk, Nils","Harnesk, N.",False,
"Harrysson, I, Ranheden, H & Strucke, U","Harrysson, I., Ranheden, H. & Strucke, U.",False,
"Harrysson, I., Johansson, Å. Och Werthvein, G.","Harrysson, I., Johansson, Å. & Werthvein, G.",False,
"Harrysson, I., Magnusson, R. & Nelson, M","Harrysson, I., Magnusson, R. & Nelson, M.",False,
"Harrysson, Ingela","Harrysson, I.",False,
"Harrysson, Ingela m fl","Harrysson, I. et al.",False,et_al
"Hartzell, Lisa","Hartzell, L.",False,
"Hartzell, Lisa & Magnusson, Reidar","Hartzell, L. & Magnusson, R.",False,
"Hartzell, Liza","Hartzell, L.",False,
"Harysson, Ingela m fl","Harysson, I. et al.",False,et_al
"Hauptman Wahlgren, Katherine","Hauptman Wahlgren, K.",False,
"Hed Jacobsson, Anna","Hed Jacobsson, A.",False,
"Hed Jakobsson, Anna","Hed Jakobsson, A.",False,
"Hed Jakobsson, Anna & Lindblom, Cecilia","Hed Jakobsson, A. & Lindblom, C.",False,
"Hed Jakobsson, Anna m fl","Hed Jakobsson, A. et al.",False,et_al
"Hedenmalm, Barbro","Hedenmalm, B.",False,
"Hedlund, John","Hedlund, J.",False,
"Hedman, Anders","Hedman, A.",False,
"Hedman, Sven Donald","Hedman, S.",False,
"Hedval, Rickard","Hedval, R.",False,
"Hedvall, R., Molin, F., Nilsson, P & Sundberg, K","Hedvall, R., Molin, F., Nilsson, P. & Sundberg, K.",False,
"Hedvall, R., Nordström, A. Och Wallebom U","Hedvall, R., Nordström, A. & Wallebom, U.",False,
"Hedvall, Rickard","Hedvall, R.",False,
"Hedvall, Rickard & Konsmar, Annika","Hedvall, R. & Konsmar, A.",False,
"Hedvall, Rikard","Hedvall, R.",False,
"Hedvall, Rikard & Stenvall, Johan","Hedvall, R. & Stenvall, J.",False,
"Heimann, Curry","Heimann, C.",False,
"Heimer, O-, Ifverson, P. & Persson, J.","Heimer, O., Ifverson, P. & Persson, J.",False,
"Heimer, Olle","Heimer, O.",False,
"Heinerud, Jan & Bengtsson P G","Heinerud, Jan & Bengtsson P G",True,odd_tokens
"Heinerud, Jans","Heinerud, J.",False,
"Helander, Annika","Helander, A.",False,
"Helander, Annika & Zetterlund, Peter","Helander, A. & Zetterlund, P.",False,
"Helander, Christina","Helander, C.",False,
"Helander, Christina & Lindberg, Richard","Helander, C. & Lindberg, R.",False,
"Helander, Christina & Sköld, Katarina","Helander, C. & Sköld, K.",False,
Helena Hulth,Helena Hulth,True,no_comma
"Helgesson, Bertil","Helgesson, B.",False,
"Helgesson, Bertil & Wickberg, Ylva","Helgesson, B. & Wickberg, Y.",False,
"Helgesson, Bertil m. fl","Helgesson, B. et al.",False,et_al
"Helgesson, Charlotta","Helgesson, C.",False,
"Helgesson, Charlotta & Hägerman, Britt-Marie","Helgesson, C. & Hägerman, B.",False,
"Hellberg, Katarina","Hellberg, K.",False,
"Hellerström, Sven","Hellerström, S.",False,
"Hellgren, Mats","Hellgren, M.",False,
"Hellgren, Mats & Nordström, Willie","Hellgren, M. & Nordström, W.",False,
"Hellgren, Mats & Persson, Gösta","Hellgren, M. & Persson, G.",False,
"Hellström, Sven","Hellström, S.",False,
"Hembjer, Pernilla m fl","Hembjer, P. et al.",False,et_al
"Hemmendorff, Ove","Hemmendorff, O.",False,
"Hemmendorff, Ove*","Hemmendorff, O.",False,
"Henlander, Christina","Henlander, C.",False,
Hennius Andreas,Hennius Andreas,True,no_comma
"Hennius Andreas & Wehlin, Joakim","Hennius Andreas & Wehlin, Joakim",True,odd_tokens
"Hennius, A., Sjöling, E. & Prata, S","Hennius, A., Sjöling, E. & Prata, S.",False,
"Hennius, Andreas","Hennius, A.",False,
"Hennius, Andreas (red)","Hennius, A. (ed.)",False,editor
"Hennius, Andreas m fl","Hennius, A. et al.",False,et_al
"Hennius, Jonas Svensson","Hennius, J.",False,
"Henriksson ,Mikael","Henriksson, M.",False,
"Henriksson, Catharina","Henriksson, C.",False,
"Henriksson, Katarina","Henriksson, K.",False,
"Henriksson, Mikael","Henriksson, M.",False,
"Henriksson, Mikael & Björk, Tony","Henriksson, M. & Björk, T.",False,
"Henriksson, Mikael & Svensson, Andreas","Henriksson, M. & Svensson, A.",False,
"Henriksson, Mikael & Wickberg, Ylva","Henriksson, M. & Wickberg, Y.",False,
Henriksson. Mikael,"Henriksson, M.",False,no_comma
"Hernek, R., Jonsson, L., & Streiffert, J.","Hernek, R., Jonsson, L. & Streiffert, J.",False,
"Hernek, Robert","Hernek, R.",False,
"Hernek, Robert & Ortman, Oscar","Hernek, R. & Ortman, O.",False,
"Hernek, Robert & Ortman, Oscar (red)","Hernek, R. & Ortman, O. (ed.)",False,editor
"Hernkvist, Liiéa & Karlsson, Emma","Hernkvist, L. & Karlsson, E.",False,
"Hernqvist, Linnéa","Hernqvist, L.",False,
"Hildebrandt, Margareta","Hildebrandt, M.",False,
"Hinders, Nathalie","Hinders, N.",False,
"Hinnerson Berglund, Maria & Wennstedt Edvinger, Br","Hinnerson Berglund, M. & Wennstedt Edvinger, B.",False,
"Hjolhman, Birgitta","Hjolhman, B.",False,
"Hjuhammar, Marcus & Sundberg, Karin","Hjuhammar, M. & Sundberg, K.",False,
"Hjulhammar, Magnus","Hjulhammar, M.",False,
"Hjulström, Björn","Hjulström, B.",False,
"Hjärthner-Holdar, E.,Ogenhall, E. & Willim, A.","Hjärthner-Holdar, E., Ogenhall, E. & Willim, A.",False,
"Hjärthner-Holdar, Eva","Hjärthner-Holdar, E.",False,
"Hjärthner-Holdar, Eva & Kresten, Peter","Hjärthner-Holdar, E. & Kresten, P.",False,
"Hjärthner-Holdar, Eva & Larsson, Lena","Hjärthner-Holdar, E. & Larsson, L.",False,
"Hjärthner-Holdar, Eva & Ullén, Inga","Hjärthner-Holdar, E. & Ullén, I.",False,
"Hoffman, Christian","Hoffman, C.",False,
"Hoffman, Christian & Carlsson, Dan","Hoffman, C. & Carlsson, D.",False,
"Hoffman, Daniel & Carlsson, Dan","Hoffman, D. & Carlsson, D.",False,
"Holback, Torbjörn","Holback, T.",False,
"Holback, Torbjörn & Linberg, Karl-Fredrik","Holback, T. & Linberg, K.",False,
"Holback, Torbjörn J.","Holback, T.",False,
"Holback, Torbjörn, J.","Holback, Torbjörn, J",True,odd_tokens
"Holgersson, Kenth","Holgersson, K.",False,
"Holm, Jenny","Holm, J.",False,
"Holm, Jenny & Lindgren, Christina","Holm, J. & Lindgren, C.",False,
"Holm, Jenny & Magnusson, Reidar","Holm, J. & Magnusson, R.",False,
"Holm, Jenny & Runesson, Henrik","Holm, J. & Runesson, H.",False,
"Holm, Jenny & Thorsberg, Kalle","Holm, J. & Thorsberg, K.",False,
"Holm, Jenny & Ählström, Jan","Holm, J. & Ählström, J.",False,
"Holm, Jenny, Wilson, Lars & Aspeborg, Håkan","Holm, J., Wilson, L. & Aspeborg, H.",False,
"Holm, Lena","Holm, L.",False,
"Holm, Olof","Holm, O.",False,
"Holmqvist, Magnus","Holmqvist, M.",False,
"Holmqvist, Sverker","Holmqvist, S.",False,
"Holmqvist, Wilhelm (red)","Holmqvist, W. (ed.)",False,editor
"Holmqvist-Olausson, Lena","Holmqvist-Olausson, L.",False,
"Hovanta, Elise","Hovanta, E.",False,
"Hovanta, Elise & Grop, Niklas","Hovanta, E. & Grop, N.",False,
"Hristova, Ivanka m fl","Hristova, I. et al.",False,et_al
"Hultberg, Ulf","Hultberg, U.",False,
"Hulth, Helena","Hulth, H.",False,
"Hulth, Helena & Andersson, Fredrk","Hulth, H. & Andersson, F.",False,
"Hulth, Helena & lLndström, Jens","Hulth, H. & lLndström, J.",False,
"Hulth, helena","Hulth, H.",False,
"Hulting Lindgren, Caroline","Hulting Lindgren, C.",False,
"HultingLindgren, Caroline","HultingLindgren, C.",False,
"Hultqvist, Sofie","Hultqvist, S.",False,
"Hultqvist, Sonja & Håkansdotter, Lina","Hultqvist, S. & Håkansdotter, L.",False,
"Hyenstrand, Eva & Äijä, Karin","Hyenstrand, E. & Äijä, K.",False,
"Hyenstrand, Åke & Lehtosalo, Pirkko.Liisa","Hyenstrand, Å. & Lehtosalo, P.",False,
"Hyll, Natalie","Hyll, N.",False,
"Hyll, Nathalie","Hyll, N.",False,
"Hylén, Håkan","Hylén, H.",False,
"Hägerman, Britt-Mari","Hägerman, B.",False,
"Häggström, Anna Aulin","Häggström, A.",False,
"Häggström, Anna Aulin & Kalmar, Gabriella","Häggström, A. & Kalmar, G.",False,
"Häggström, Leif","Häggström, L.",False,
"Häringe Friberg, Kajsa & Renck, Anna Maria","Häringe Friberg, K. & Renck, A.",False,
"Häringe Frisberg, K., Larsson, F. & Seiler, A","Häringe Frisberg, K., Larsson, F. & Seiler, A.",False,
"Häringe, Kajsa","Häringe, K.",False,
"Häringe, Kajsa & Seiler, Anton","Häringe, K. & Seiler, A.",False,
"Häringe-Friberg, Kajsa & Göthberg, Hans","Häringe-Friberg, K. & Göthberg, H.",False,
"Håkansdotter, Lina","Håkansdotter, L.",False,
"Håkansdotter, Lina & Johansson, Thomas","Håkansdotter, L. & Johansson, T.",False,
"Håkansdotter, l., Nilsen, A. & Hellgren, M","Håkansdotter, L., Nilsen, A. & Hellgren, M.",False,
"Håkansson, Anders","Håkansson, A.",False,
"Håkansson, Sören","Håkansson, S.",False,
"Hålland Stenholm, A-M., Beronius Jörpeland, L., Lj","Hålland Stenholm, A-M., Beronius Jörpeland, L., Lj",True,odd_tokens
"Hållands, Ann-Mari","Hållands, A.",False,
"Hållans Stenholm, Ann-Mari m fl","Hållans Stenholm, A. et al.",False,et_al
"Hållans, Ann-Mari & Svensson, Kenneth","Hållans, A. & Svensson, K.",False,
"Hårding, Barbro","Hårding, B.",False,
"Höglund, Patrik","Höglund, P.",False,
"Högrell, Lotta & Skoglund, Peter","Högrell, L. & Skoglund, P.",False,
Hörfors Olle,"Hörfors, O.",False,no_comma
"Hörfors, Olle","Hörfors, O.",False,
"Hörfors, Olle & Persson, Hans","Hörfors, O. & Persson, H.",False,
"Ihr, Anna","Ihr, A.",False,
"Ingman-Sundberg, Caharina","Ingman-Sundberg, C.",False,
"Insulander, Ragnar","Insulander, R.",False,
Inventeringsbok,Inventeringsbok,True,no_comma
"Isedal, Eva & Olsson, Eva","Isedal, E. & Olsson, E.",False,
"Isendahl, Christian","Isendahl, C.",False,
"Jaanusson, H., Löfstrand, L. & Vahlne, G.*","Jaanusson, H., Löfstrand, L. & Vahlne, G.",False,
"Jaanusson, Hille","Jaanusson, H.",False,
"Jaanusson, Hille & Vahlne, Gunnel","Jaanusson, H. & Vahlne, G.",False,
"Jacobsson, B., Carlberg-Kriig, A-, Kriig, S-","Jacobsson, B., Carlberg-Kriig, A. & Kriig, S.",False,
"Jacobsson, Bengt","Jacobsson, B.",False,
"Jacobsson, Tomas","Jacobsson, T.",False,
"Jakobsson, Anna","Jakobsson, A.",False,
Jamtli samlingar,Jamtli samlingar,True,no_comma
"Jankavs, Peter","Jankavs, P.",False,
"Jansson, Kristina","Jansson, K.",False,
"Jansson, Kristina & Loretzon, Moa","Jansson, K. & Loretzon, M.",False,
"Jansson, Kristina & Ödeén, Anna","Jansson, K. & Ödeén, A.",False,
"Jansson, Kristins","Jansson, K.",False,
"Jeppsson, Annika","Jeppsson, A.",False,
"Jerand, Philip & Sjölander, Mattias","Jerand, P. & Sjölander, M.",False,
"Jerkemark, M., Lind, H., Olsson, H.","Jerkemark, M., Lind, H. & Olsson, H.",False,
"Jerkemark, Michael & Olsson, Hans","Jerkemark, M. & Olsson, H.",False,
"Johannessen, Ann-Cathrine","Johannessen, A.",False,
"Johannessen, Ann-Catrinee","Johannessen, A.",False,
"Johansson, A., Pettersson, S., Svensson, E.","Johansson, A., Pettersson, S. & Svensson, E.",False,
"Johansson, Annie","Johansson, A.",False,
"Johansson, Annie & Svensson, Jonas","Johansson, A. & Svensson, J.",False,
"Johansson, Annie & Öbrink, Mattias","Johansson, A. & Öbrink, M.",False,
"Johansson, Eirik & Bergstrand, Thomas","Johansson, E. & Bergstrand, T.",False,
"Johansson, Glen","Johansson, G.",False,
"Johansson, Glenn","Johansson, G.",False,
"Johansson, Glenn & Lindman, Gundela","Johansson, G. & Lindman, G.",False,
"Johansson, Glenn & Streiffert, Jörgen","Johansson, G. & Streiffert, J.",False,
"Johansson, Glenn & Ängeby, Gisela","Johansson, G. & Ängeby, G.",False,
"Johansson, Glenn m fl","Johansson, G. et al.",False,et_al
"Johansson, Lars G","Johansson, L.",False,
"Johansson, Lars G.","Johansson, L.",False,
"Johansson, Leif","Johansson, L.",False,
"Johansson, Mats","Johansson, M.",False,
"Johansson, Mattias","Johansson, M.",False,
"Johansson, Mattias & Karolina Karlsson","Johansson, Mattias & Karolina Karlsson",True,odd_tokens
"Johansson, Mattias & Sjöquist, Maria","Johansson, M. & Sjöquist, M.",False,
"Johansson, N., Streiffert, j. & Wranning, P (red)0","Johansson, N., Streiffert, J. & Wranning, P.",True,digits
"Johansson, Nils","Johansson, N.",False,
"Johansson, Nils m fl","Johansson, N. et al.",False,et_al
"Johansson, Thomas","Johansson, T.",False,
"Johansson, Thomas & Rudd, Petra","Johansson, T. & Rudd, P.",False,
"Johansson, n., Streiffert, j. & Wranning, P (red)","Johansson, N., Streiffert, J. & Wranning, P. (ed.)",False,editor
"Johansson, Åke","Johansson, Å.",False,
Johansson. Inga,"Johansson, I.",False,no_comma
Jonas Ros,"Jonas, R.",False,no_comma
"Jonsson, Anders","Jonsson, A.",False,
"Jonsson, Esbjörn","Jonsson, E.",False,
"Jonsson, K., Magnusson, G. & Millberg, P-O","Jonsson, K., Magnusson, G. & Millberg, P.",False,
"Jonsson, Kristina","Jonsson, K.",False,
"Jonsson, Kristina & Olofsson, Karl-Johan","Jonsson, K. & Olofsson, K.",False,
"Jonsson, Leif","Jonsson, L.",False,
"Jonsson, Leif & Wickerts-Jensen, Mari","Jonsson, L. & Wickerts-Jensen, M.",False,
"Jonsson, Leif, Weiler, Eva & Ullberg-Loh, Kajsa","Jonsson, L., Weiler, E. & Ullberg-Loh, K.",False,
"Jonsson, Leif, m fl","Jonsson, L. et al.",False,et_al
"Jonsson, Rebecka","Jonsson, R.",False,
"Jonsäter, Mats","Jonsäter, M.",False,
"Jonsäter, Mats m fl","Jonsäter, M. et al.",False,et_al
"Josefsson, L., Kullgren, I., Olsson, H.","Josefsson, L., Kullgren, I. & Olsson, H.",False,
"Junker, Ulla","Junker, U.",False,
"Jäderlund, Andrea","Jäderlund, A.",False,
"Jönsson, Amanda","Jönsson, A.",False,
"Jönsson, Lars","Jönsson, L.",False,
"Jönsson, Lars & Kockum, Jan","Jönsson, L. & Kockum, J.",False,
"Jönsson, Lars & Lövgren, Karin","Jönsson, L. & Lövgren, K.",False,
"Jönsson, Åsa","Jönsson, Å.",False,
"Jönsson, Åsa & Nylén, Alexandra","Jönsson, Å. & Nylén, A.",False,
"Jönsson, Åsa & Persson, Carl","Jönsson, Å. & Persson, C.",False,
"Jönsson, Åsa & Åstrand, Johan","Jönsson, Å. & Åstrand, J.",False,
"Jönsson-Kihlberg, Eva m fl","Jönsson-Kihlberg, E. et al.",False,et_al
"Jörnmark, Ulla m fl","Jörnmark, U. et al.",False,et_al
"Kadefors, Ola","Kadefors, O.",False,
"Kaelas, L., Cullberg, C., Sandberg, B.","Kaelas, L., Cullberg, C. & Sandberg, B.",False,
"Kaelas, Lily","Kaelas, L.",False,
"Kaelas, Lily (red)","Kaelas, L. (ed.)",False,editor
"Kaliff, Anders","Kaliff, A.",False,
"Kallerskog, Linnea","Kallerskog, L.",False,
"Kallerskog, Linnea & Kloo Andersson, Anna","Kallerskog, L. & Kloo Andersson, A.",False,
"Kalmar, Gabriella","Kalmar, G.",False,
"Kalmar, Gabriella & Toreld, Christina","Kalmar, G. & Toreld, C.",False,
"Karlenby, L., Graner, G. & Johannessen, A_C.","Karlenby, L., Graner, G. & Johannessen, A.",False,
"Karlenby, Leif","Karlenby, L.",False,
"Karlenby, Leif & Knabe, Ebba","Karlenby, L. & Knabe, E.",False,
"Karlenby, Leif & Naumanen, Anne","Karlenby, L. & Naumanen, A.",False,
"Karlenby, Leif (red)","Karlenby, L. (ed.)",False,editor
"Karlssno, Emma & Romedahl, Helén","Karlssno, E. & Romedahl, H.",False,
"Karlsson Lönn, Marianne","Karlsson Lönn, M.",False,
"Karlsson Lönn, Marianne & Gustafsson, Agneta","Karlsson Lönn, M. & Gustafsson, A.",False,
"Karlsson, Catarina","Karlsson, C.",False,
"Karlsson, Emma","Karlsson, E.",False,
"Karlsson, Emma & Lundberg, Anders","Karlsson, E. & Lundberg, A.",False,
"Karlsson, Emma & Romedahl, Helen","Karlsson, E. & Romedahl, H.",False,
"Karlsson, Emma & Räf, Erika","Karlsson, E. & Räf, E.",False,
"Karlsson, Johanna","Karlsson, J.",False,
"Karlsson, Karolina","Karlsson, K.",False,
"Karlsson, Karolina & Carlsson, Tom","Karlsson, K. & Carlsson, T.",False,
"Karlsson, Karolina & Lundin, Jon","Karlsson, K. & Lundin, J.",False,
"Karlsson, M & Lenntorp, K-M","Karlsson, M. & Lenntorp, K.",False,
"Karlsson, Martin","Karlsson, M.",False,
"Karlsson, Martin & Knabe, Ebba","Karlsson, M. & Knabe, E.",False,
"Karlsson, Pär & Stibéus, Magnus","Karlsson, P. & Stibéus, M.",False,
"Karlsson, S., Ragnesten.U & Westblom, J","Karlsson, S., Ragnesten.U & Westblom, J",True,odd_tokens
"Karlsson, Simon & Nilsson, Mats","Karlsson, S. & Nilsson, M.",False,
"Karlsson, Simon & Nordström, Willie","Karlsson, S. & Nordström, W.",False,
"Karlén, Malin","Karlén, M.",False,
"Karsten, Per","Karsten, P.",False,
"Kaupinnen, Emmy m fl","Kaupinnen, E. et al.",False,et_al
"Kauppinen, Emmy","Kauppinen, E.",False,
"Kegel, K., Sörman, A., Wessman, A. & Ling, J.","Kegel, K., Sörman, A., Wessman, A. & Ling, J.",False,
"Kegel, Karolina","Kegel, K.",False,
"Kennebjörk, Josefina","Kennebjörk, J.",False,
"Kennerbjörk, Josefina","Kennerbjörk, J.",False,
"Kihlberg, Eva Jönsson","Kihlberg, E.",False,
"Kihlstedt, B., Larsson, H. & Runeson, H.","Kihlstedt, B., Larsson, H. & Runeson, H.",False,
"Kihlstedt, Britta","Kihlstedt, B.",False,
"Kihlstedt, Britta & Pedersen, Ellen Anne","Kihlstedt, B. & Pedersen, E.",False,
"Kjellberg, Joakim","Kjellberg, J.",False,
"Kjellberg, Joakim & Skanser, Lisa","Kjellberg, J. & Skanser, L.",False,
"Kjellin, Anders","Kjellin, A.",False,
"Kjellin, Anders & Nordin, Petra","Kjellin, A. & Nordin, P.",False,
"Kjällquist, M., Emilsson, A. & Boethius, A.","Kjällquist, M., Emilsson, A. & Boethius, A.",False,
"Kjällquist, Mathilda & Wallebom, Björn","Kjällquist, M. & Wallebom, B.",False,
"Kjällquist, Matilda","Kjällquist, M.",False,
"Kjällquist, Matilda & Kronberg, Ola","Kjällquist, M. & Kronberg, O.",False,
"Klang, Lennart","Klang, L.",False,
"Klange, Johan","Klange, J.",False,
"Klange, Jonas","Klange, J.",False,
"Kling, Jörgen","Kling, J.",False,
"Knabe, Ebba","Knabe, E.",False,
"Knarrström, Annika","Knarrström, A.",False,
"Knarrström, Bo","Knarrström, B.",False,
"Knarrström, Bo & Wallin, Lasse","Knarrström, B. & Wallin, L.",False,
"Knutsson, Kjel & Lega, Johanna","Knutsson, K. & Lega, J.",False,
"Konsmar, Annika","Konsmar, A.",False,
"Konsmar, Annika & Ajneborn, Britt","Konsmar, A. & Ajneborn, B.",False,
"Konsmar, Annika & Menander, Hanna","Konsmar, A. & Menander, H.",False,
"Korpås, O., Johansson, M. & Ölund, A","Korpås, O., Johansson, M. & Ölund, A.",False,
"Korpås, Ola & Wikborg, Jonas","Korpås, O. & Wikborg, J.",False,
"Kraft, Anders","Kraft, A.",False,
"Kresa, Dan","Kresa, D.",False,
"Kriig Stefan & Pettersson, Claes","Kriig Stefan & Pettersson, Claes",True,odd_tokens
"Kristensson, Anna","Kristensson, A.",False,
"Kronberg, O., Billström, L. & Stark, K.","Kronberg, O., Billström, L. & Stark, K.",False,
"Kronberg, Ola","Kronberg, O.",False,
"Kyhlberg, Ola","Kyhlberg, O.",False,
"Källström, Liselott","Källström, L.",False,
"Källström, Magnus","Källström, M.",False,
"Källström, Magnus & Söderlund, Kerstin","Källström, M. & Söderlund, K.",False,
"Källström, Michael","Källström, M.",False,
"Källström, Mikael, Schulze, Hella","Källström, M. & Schulze, H.",False,
"Lagergren, A., Aspeborg, H. & Artursson, M.","Lagergren, A., Aspeborg, H. & Artursson, M.",False,
"Lagergren, Anna","Lagergren, A.",False,
"Lagergren-Olsson, Anna","Lagergren-Olsson, A.",False,
"Lagerstedt, Anna","Lagerstedt, A.",False,
"Lagerstedt, Anna & Lindwall, Linda","Lagerstedt, A. & Lindwall, L.",False,
"Lagerstedt, Anna & Spijkerman, Ingela","Lagerstedt, A. & Spijkerman, I.",False,
"Lagerstedt, Anna & Söderberg, Matthias","Lagerstedt, A. & Söderberg, M.",False,
"Lagerstedt, Anna & Södreberg, Matthias","Lagerstedt, A. & Södreberg, M.",False,
"Lamm, Jan Peder","Lamm, J.",False,
"Lamm, K., Reisborg, S., Kyhlberg, O. & Bertilsson,","Lamm, K., Reisborg, S., Kyhlberg, O. & Bertilsson",True,odd_tokens
"Landin, Maria & Rönnby, Johan","Landin, M. & Rönnby, J.",False,
"Lang, Robert Eriksson, Thomas&","Lang, Robert Eriksson, Thomas&",True,odd_tokens
"Lange, Ulrich","Lange, U.",False,
"Larsson, A., Papmehl-Dufay, L., Dardel, E. M fl","Larsson, A., Papmehl-Dufay, L. & Dardel, E. et al.",False,et_al
"Larsson, Birgitta & Runeson, Henrik-","Larsson, B. & Runeson, H.",False,
"Larsson, Ellinor","Larsson, E.",False,
"Larsson, Fredrik","Larsson, F.",False,
"Larsson, Fredrik & Englund, Mia","Larsson, F. & Englund, M.",False,
"Larsson, Fredrik & Hamilton, John","Larsson, F. & Hamilton, J.",False,
"Larsson, Fredrik (red)","Larsson, F. (ed.)",False,editor
"Larsson, Fredrik m fl","Larsson, F. et al.",False,et_al
"Larsson, G., Sundström, L & Guinard, M","Larsson, G., Sundström, L. & Guinard, M.",False,
"Larsson, Gunilla","Larsson, G.",False,
"Larsson, Hanna","Larsson, H.",False,
"Larsson, Lars","Larsson, L.",False,
"Larsson, Lars-Inge","Larsson, L.",False,
"Larsson, Lars-Inge & Åstrand, Johan","Larsson, L. & Åstrand, J.",False,
"Larsson, Lisa K","Larsson, L.",False,
"Larsson, Mats","Larsson, M.",False,
"Larsson, Rolf & Söderberg, Bengt","Larsson, R. & Söderberg, B.",False,
"Larsson, Sabina","Larsson, S.",False,
"Larsson, Sabina & Karlenby, Leif","Larsson, S. & Karlenby, L.",False,
"Larsson, Sabina & Rönngren, Johnny","Larsson, S. & Rönngren, J.",False,
"Lazarides,  Anton","Lazarides, A.",False,
"Lazarides, Anton","Lazarides, A.",False,
"Lega, Johanna","Lega, J.",False,
Leif Karlenby & Ebba Knabe,Leif Karlenby & Ebba Knabe,True,no_comma
Leif Karlenby & Erica Strengbom,Leif Karlenby & Erica Strengbom,True,no_comma
"Lekberg, Per (red)","Lekberg, P. (ed.)",False,editor
"Lennblad, A., Lennblad, A.& Ytterberg, N.","Lennblad, A., Lennblad, A. & Ytterberg, N.",False,
"Liahaugen, Sebastian","Liahaugen, S.",False,
"Liases, Katarina","Liases, K.",False,
"Liases, Katarina & Olsson, Robin","Liases, K. & Olsson, R.",False,
"Lidén, Hans A.","Lidén, H.",False,
"Liedgren, Lars","Liedgren, L.",False,
"Lihammar, Anna & Ählström, Jan","Lihammar, A. & Ählström, J.",False,
"Lihammer, Anna","Lihammer, A.",False,
"Lilja, Helén","Lilja, H.",False,
"Lindahl Jensen, Barbro","Lindahl Jensen, B.",False,
"Lindahl Jensen, Barbro & Nilsson, Maj-Lis","Lindahl Jensen, B. & Nilsson, M.",False,
"Lindberg, Karl Fredrik & Carlsson, Eva","Lindberg, K. & Carlsson, E.",False,
"Lindberg, Karl-Fredrik","Lindberg, K.",False,
"Lindberg, Karl-Fredrik & Lindberg, Magnus","Lindberg, K. & Lindberg, M.",False,
"Lindberg, Karl-Fredrik (red)","Lindberg, K. (ed.)",False,editor
"Lindberg, Magnus","Lindberg, M.",False,
"Lindberg, Magnus & Seiler, Anton","Lindberg, M. & Seiler, A.",False,
"Lindberg, Maria","Lindberg, M.",False,
"Lindberg, Markus","Lindberg, M.",False,
"Lindberg, Marta","Lindberg, M.",False,
"Lindberg, Richard","Lindberg, R.",False,
"Lindberg, Rickard","Lindberg, R.",False,
"Lindberg, Rickard & Lundberg, Anders","Lindberg, R. & Lundberg, A.",False,
"Lindberg, Sofia","Lindberg, S.",False,
"Lindberg, Sofia & Schmidt Sabo, Katalin (red)","Lindberg, S. & Schmidt Sabo, K. (ed.)",False,editor
"Lindberg, Sofia & Stibéus, Magnus","Lindberg, S. & Stibéus, M.",False,
"Lindberg, Sofia m fl","Lindberg, S. et al.",False,et_al
"Lindberg, Tickard","Lindberg, T.",False,
Lindberg. Markus,"Lindberg, M.",False,no_comma
"Lindblom, Cecilia","Lindblom, C.",False,
"Lindblom, Cecilia & Dardel, Erik","Lindblom, C. & Dardel, E.",False,
"Lindblom, Cecilia & Sillén, Peter","Lindblom, C. & Sillén, P.",False,
"Lindeberg, Maria","Lindeberg, M.",False,
"Lindeberg, Marta","Lindeberg, M.",False,
"Lindeblad, K., Karlsson, P. & Nohrstedt, K.","Lindeblad, K., Karlsson, P. & Nohrstedt, K.",False,
"Lindeblad, Karin","Lindeblad, K.",False,
"Lindeblad, Karin & Nilsson, Per","Lindeblad, K. & Nilsson, P.",False,
"Lindeblad, Karin & Petersson, Maria","Lindeblad, K. & Petersson, M.",False,
"Lindell, Maria","Lindell, M.",False,
"Linderoth, Th .,Björk, T. & Wickberg, Y.","Linderoth, T., Björk, T. & Wickberg, Y.",False,
"Linderoth, Thomas","Linderoth, T.",False,
"Linderoth, Thomas & Eickberg, Ylva","Linderoth, T. & Eickberg, Y.",False,
"Lindgren, Britta","Lindgren, B.",False,
"Lindgren, Christina","Lindgren, C.",False,
"Lindgren, Christina & Hedman, Anders","Lindgren, C. & Hedman, A.",False,
"Lindgren, Åsa","Lindgren, Å.",False,
"Lindgren,Christina & Lindholm, Pehr","Lindgren, C. & Lindholm, P.",False,
"Lindgren-Hertz, Lena","Lindgren-Hertz, L.",False,
"Lindh, Barbro","Lindh, B.",False,
"Lindh, Maria","Lindh, M.",False,
"Lindholm, Kristina","Lindholm, K.",False,
"Lindholm, P & Schierbeck, A","Lindholm, P. & Schierbeck, A.",False,
"Lindholm, Pehr & Runesson, Henrik","Lindholm, P. & Runesson, H.",False,
"Lindkvist, Ann","Lindkvist, A.",False,
"Lindkvist, Ann & Svenman, Emelie","Lindkvist, A. & Svenman, E.",False,
"Lindkvist, Ann & Westin, Åsa","Lindkvist, A. & Westin, Å.",False,
"Lindman, G., Forenius, S., Andersson, D. & Grandin","Lindman, G., Forenius, S., Andersson, D. & Grandin",True,odd_tokens
"Lindman, Gundela","Lindman, G.",False,
"Lindman, Gundela & Stibéus, Magnus","Lindman, G. & Stibéus, M.",False,
"Lindman, Gundela & Streiffert, Jörgen","Lindman, G. & Streiffert, J.",False,
"Lindman, Gundela & Strömberg, Bo","Lindman, G. & Strömberg, B.",False,
"Lindman, Gundela & Ängeby, Gisela","Lindman, G. & Ängeby, G.",False,
"Lindman, Gundela m fl","Lindman, G. et al.",False,et_al
"Lindquist, Sven-Olof","Lindquist, S.",False,
"Lindqvist, Anna-Karin","Lindqvist, A.",False,
"Lindqvist, Anna-Karin & Eriksson, Lisette","Lindqvist, A. & Eriksson, L.",False,
"Lindqvist, Mats","Lindqvist, M.",False,
"Lindström, Jens","Lindström, J.",False,
"Lindström, Jonathan","Lindström, J.",False,
"Lindwall, Linda","Lindwall, L.",False,
"Ling, Johan & Ragnesten, Ulf","Ling, J. & Ragnesten, U.",False,
"Lingström, Maria","Lingström, M.",False,
"Ljung, J-Å, Strucke, Ulf & Vinberg, Ann","Ljung, J., Strucke, U. & Vinberg, A.",False,
"Ljung, J-Å., Kihlstedt, B., Lindgren, Christina","Ljung, J., Kihlstedt, B. & Lindgren, C.",False,
"Ljung, Jan-Åke","Ljung, J.",False,
"Ljung, Jan-Åke & Strucke, Ulf","Ljung, J. & Strucke, U.",False,
"Ljungdahl, E","Ljungdahl, E.",False,
"Ljungdahl, Ewa","Ljungdahl, E.",False,
"Ljungqvist, Henrik","Ljungqvist, H.",False,
"Ljunkvist, John (red)","Ljunkvist, J. (ed.)",False,editor
"Loeffler, David","Loeffler, D.",False,
"Lorentzon, Moa","Lorentzon, M.",False,
"Loretzon, Moa","Loretzon, M.",False,
"Loretzon, Moa &Jansson, Kristina","Loretzon, M. & Jansson, K.",False,
"Lorin, Olle","Lorin, O.",False,
"Lucas, Malin","Lucas, M.",False,
"Lucas, Malin & Lucas, Robin","Lucas, M. & Lucas, R.",False,
"Lucas, Robin","Lucas, R.",False,
"Luft, Magnus von Der & Nieminen, Johannes","von der Luft, M. & Nieminen, J.",False,particle
"Luft, Magnus von der","von der Luft, M.",False,particle
"Luft, Magnus von der & Hallberg, Patrik","von der Luft, M. & Hallberg, P.",False,particle
"Luft, Magnus von der & Hallberg, Petrik","von der Luft, M. & Hallberg, P.",False,particle
"Luft, Magnus von der & Ragnesten, Ulf","von der Luft, M. & Ragnesten, U.",False,particle
"Luft, Magnus von der & Swedberg, Stig","von der Luft, M. & Swedberg, S.",False,particle
"Lundberg, Anders","Lundberg, A.",False,
"Lundberg, Åsa","Lundberg, Å.",False,
"Lundberg, Åsa & Ylinen, Tarja","Lundberg, Å. & Ylinen, T.",False,
"Lundgren, Roger","Lundgren, R.",False,
"Lundholm, S., Wahlberg Traneskog, T. & Victor, H.","Lundholm, S., Wahlberg Traneskog, T. & Victor, H.",False,
"Lundholm, Sandra & Emilsson, Andreas","Lundholm, S. & Emilsson, A.",False,
"Lundholm, Sandra & Schultze, Hella","Lundholm, S. & Schultze, H.",False,
"Lundin, Ingela & Algotsson, Åsa","Lundin, I. & Algotsson, Å.",False,
"Lundin, Jon","Lundin, J.",False,
"Lundkvist, Sebastian","Lundkvist, S.",False,
"Lundqvist, L., Olsson, L., & Strömberg, B.","Lundqvist, L., Olsson, L. & Strömberg, B.",False,
"Lundqvist, Lars","Lundqvist, L.",False,
"Lundqvist, Lars & Schaller Åhrberg, Eva","Lundqvist, L. & Schaller Åhrberg, E.",False,
"Lundström, Fredrik","Lundström, F.",False,
"Lundström, Fredrik & Lindeberg, Marta","Lundström, F. & Lindeberg, M.",False,
"Lundström, Inga & Theliander, Claes","Lundström, I. & Theliander, C.",False,
"Lundström, Sven","Lundström, S.",False,
Lundström; Fredrik,"Lundström, F.",False,no_comma
"Lyttkens, Sara","Lyttkens, S.",False,
"Låås, Josefin","Låås, J.",False,
"Låås, Josefine","Låås, J.",False,
"Lödgdqvist, Anna","Lödgdqvist, A.",False,
"Löfgren, Anders","Löfgren, A.",False,
"Löfstrand, Lars","Löfstrand, L.",False,
"Lögdqvist, Anna","Lögdqvist, A.",False,
"Lögdqvist, Anna & Sandberg, Fredrik","Lögdqvist, A. & Sandberg, F.",False,
"Lögdqvist, a., Sandberg, F. & Carlsson, E.","Lögdqvist, A., Sandberg, F. & Carlsson, E.",False,
"Lönn, Marianne","Lönn, M.",False,
"Lönn, Marianne & Lindman, Gundela","Lönn, M. & Lindman, G.",False,
"Lönn, Marianne & Ängeby, Gisela","Lönn, M. & Ängeby, G.",False,
"Lönn, marianne","Lönn, M.",False,
"Lövgren, Karin m fl","Lövgren, K. et al.",False,et_al
"Lööv, Lars Inge & Rahm, Annabell","Lööv, L. & Rahm, A.",False,
"Magnell, Ola m fl","Magnell, O. et al.",False,et_al
"Magnusson, Gert","Magnusson, G.",False,
"Magnusson, Gösta","Magnusson, G.",False,
"Magnusson, Mats","Magnusson, M.",False,
"Magnusson, Reidar","Magnusson, R.",False,
"Magnusson, Reidar & Carlsson, Tom","Magnusson, R. & Carlsson, T.",False,
"Magnusson, Reidar & Kihlstedt, Britta","Magnusson, R. & Kihlstedt, B.",False,
"Magnusson, Reidar & Ählström, Jan","Magnusson, R. & Ählström, J.",False,
"Malmberg, Elinor","Malmberg, E.",False,
"Manneke, Peter","Manneke, P.",False,
"Manneke, Peter & Pettersson, Ann-Mari","Manneke, P. & Pettersson, A.",False,
"Manneke, Peter & Swanström, Eric","Manneke, P. & Swanström, E.",False,
"Manneke, Peter & Wennersten, Monica","Manneke, P. & Wennersten, M.",False,
"Manneke, Peter & Zerpe, Leif","Manneke, P. & Zerpe, L.",False,
"Manneke,Peter","Manneke, P.",False,
"Marscher, Catharina","Marscher, C.",False,
"Martens, Jes","Martens, J.",False,
"Martén, Elisabeth","Martén, E.",False,
"Mathiesen, Tina & Gustafsson, Patrik","Mathiesen, T. & Gustafsson, P.",False,
"Mathilda, Kjällquist & Friman, Bo","Mathilda, K. & Friman, B.",False,
"Matsenius, Daniel & Nohrstedt, Matilda","Matsenius, D. & Nohrstedt, M.",False,
"Mattsson-Höglund, Peteer","Mattsson-Höglund, P.",False,
Maud Emanuelsson m fl,Maud Emanuelsson et al.,True,"et_al,no_comma"
"Mejsholm, Lotta","Mejsholm, L.",False,
"Melander, Jan","Melander, J.",False,
"Menander, Hanna","Menander, H.",False,
"Menander, Hanna & Arcini, Caroline","Menander, H. & Arcini, C.",False,
"Miaris Sundberg, Iohannes","Miaris Sundberg, I.",False,
"Modin, Monica","Modin, M.",False,
"Modén, Eva","Modén, E.",False,
"Modén, Eva & Feldt, Ann-Charlott","Modén, E. & Feldt, A.",False,
"Mogren, Mats Red.","Mogren, M. (ed.)",False,editor
"Molin, Anna","Molin, A.",False,
"Molin, Anna & Molin, Fredrik","Molin, A. & Molin, F.",False,
"Molin, Fredrik","Molin, F.",False,
"Molin, Fredrik & Mólin, Anna","Molin, F. & Mólin, A.",False,
Molin; Fredrik,"Molin, F.",False,no_comma
"Morne, Pernilla & Åhman, Andreas","Morne, P. & Åhman, A.",False,
"Morner, Pernilla","Morner, P.",False,
"Mulk, Inga-Maria","Mulk, I.",False,
"Munkenberg, B_A., Rudh, S., Nordqvist, B. & Connel","Munkenberg, B_A., Rudh, S., Nordqvist, B. & Connel",True,odd_tokens
"Munkenberg, Betty Ann","Munkenberg, B.",False,
"Munkenberg, Betty-Ann","Munkenberg, B.",False,
"Munkenberg, Betty-Ann & Lonsson, Leif","Munkenberg, B. & Lonsson, L.",False,
"Munkenberg, Betty-Ann & Ullberg-Loh, Karin","Munkenberg, B. & Ullberg-Loh, K.",False,
"Munkenberg, Betty-Ann m fl","Munkenberg, B. et al.",False,et_al
Mutikaninen: Marja,"Mutikaninen, M.",False,no_comma
"Myhrman, Marie","Myhrman, M.",False,
"Myrdal-Runebjer, Eva","Myrdal-Runebjer, E.",False,
"Myrdal-Runebjer, Eva & Nilsson, Stefan","Myrdal-Runebjer, E. & Nilsson, S.",False,
"Månsson, Stefan & Pihl, Henrik","Månsson, S. & Pihl, H.",False,
"Mårtensson, Jessica","Mårtensson, J.",False,
"Mörner Åhman, Pernilla","Mörner Åhman, P.",False,
"Mörner, Pernilla","Mörner, P.",False,
"Nagmér, Robert B","Nagmér, R.",False,
"Nannmark, Ester & Nieminen, Johannes","Nannmark, E. & Nieminen, J.",False,
"Nathansson, Calle","Nathansson, C.",False,
"Neander, Karin","Neander, K.",False,
"Neander, Karin & Granath-Zillén, Gunilla","Neander, K. & Granath-Zillén, G.",False,
"Nelson, Mats","Nelson, M.",False,
"Nicklasson, Påvel","Nicklasson, P.",False,
Nicklasson. Påvel,"Nicklasson, P.",False,no_comma
"Nielsen, Ann-Lili","Nielsen, A.",False,
"Nielsen, Ann-Lili & Lindeblad, Karin","Nielsen, A. & Lindeblad, K.",False,
"Nieminen, Johannes","Nieminen, J.",False,
"Nieminen, Johannes & Munkenberg, Betty-Ann","Nieminen, J. & Munkenberg, B.",False,
"Nieminen, Johannes m fl","Nieminen, J. et al.",False,et_al
"Nilsson, Anders","Nilsson, A.",False,
"Nilsson, Anders & Sander, Birgitta","Nilsson, A. & Sander, B.",False,
"Nilsson, Andreas","Nilsson, A.",False,
"Nilsson, Anette","Nilsson, A.",False,
"Nilsson, Anette & Andersson, Eva","Nilsson, A. & Andersson, E.",False,
"Nilsson, Ann-Christin","Nilsson, A.",False,
"Nilsson, Catharina","Nilsson, C.",False,
"Nilsson, Håkan","Nilsson, H.",False,
"Nilsson, Leif","Nilsson, L.",False,
"Nilsson, Madeleine","Nilsson, M.",False,
"Nilsson, Madelieine","Nilsson, M.",False,
"Nilsson, Maj-Lis (red)","Nilsson, M. (ed.)",False,editor
"Nilsson, Mats","Nilsson, M.",False,
"Nilsson, Nicholas","Nilsson, N.",False,
"Nilsson, Nicholas & Andersson, Liselott","Nilsson, N. & Andersson, L.",False,
"Nilsson, Nicholas & Pettersson, Björn","Nilsson, N. & Pettersson, B.",False,
"Nilsson, Nicholas & Ring, Cecilia","Nilsson, N. & Ring, C.",False,
"Nilsson, Nicholas m fl","Nilsson, N. et al.",False,et_al
"Nilsson, Per","Nilsson, P.",False,
"Nilsson, Ylva","Nilsson, Y.",False,
"Nilsson, maj-Lis & Jacobsson, Bengt","Nilsson, M. & Jacobsson, B.",False,
"Nockert, Margareta","Nockert, M.",False,
"Norberg, Erik","Norberg, E.",False,
"Norberg, Lars","Norberg, L.",False,
"Norberg, Lars & Pettersson, Björn","Norberg, L. & Pettersson, B.",False,
"Nord, Jenny & Sarnäs Anette","Nord, Jenny & Sarnäs Anette",True,odd_tokens
"Nordberg, Andreas","Nordberg, A.",False,
"Nordberg, Andreas & Seiler, Anton","Nordberg, A. & Seiler, A.",False,
"Norderäng, Johan","Norderäng, J.",False,
"Norderäng, Johan & Widerström, Per","Norderäng, J. & Widerström, P.",False,
"Nordgren, B., Myrdal-Runebjer, M., & Streiffert, J","Nordgren, B., Myrdal-Runebjer, M. & Streiffert, J.",False,
"Nordin, Ann-Catrin","Nordin, A.",False,
"Nordin, Ann-Catrin & Sandberg, Fredrik","Nordin, A. & Sandberg, F.",False,
"Nordin, Mikael","Nordin, M.",False,
"Nordin, Petra","Nordin, P.",False,
"Nordin, Petra m fl","Nordin, P. et al.",False,et_al
"Nordman, Ann-Marie","Nordman, A.",False,
"Nordqvist, B m fl","Nordqvist, B. et al.",False,et_al
"Nordqvist, Bengt","Nordqvist, B.",False,
"Nordqvist, Bengt & Algotsson, Åsa","Nordqvist, B. & Algotsson, Å.",False,
"Nordqvist, Bengt & Streiffert, Jörgen","Nordqvist, B. & Streiffert, J.",False,
"Nordqvist, Bengt & Ängeby, Gisela","Nordqvist, B. & Ängeby, G.",False,
"Nordqvist, Bengt, Jonsson, Leif","Nordqvist, B. & Jonsson, L.",False,
"Nordström, Annika","Nordström, A.",False,
"Nordström, Annika & Lindeblad, Karin (red.)","Nordström, A. & Lindeblad, K. (ed.)",False,editor
"Nordström, Annika & Westin, Åsa","Nordström, A. & Westin, Å.",False,
"Nordström, Karin","Nordström, K.",False,
"Nordström, Karin & Skanser, Lisa","Nordström, K. & Skanser, L.",False,
"Nordström, Mikael","Nordström, M.",False,
"Nordström, Mikael & Rönnby, Johan","Nordström, M. & Rönnby, J.",False,
Nordström. Mikael,"Nordström, M.",False,no_comma
"Nordvall, Linn","Nordvall, L.",False,
"Nordvall, Linn (red)","Nordvall, L. (ed.)",False,editor
"Norrgren, Hampus","Norrgren, H.",False,
"Norrman, J & Robertsson-Åkerlund, A","Norrman, J. & Robertsson-Åkerlund, A.",False,
"Norrman, Jan","Norrman, J.",False,
"Norrman, Maria","Norrman, M.",False,
"Norén, Anders","Norén, A.",False,
"Nyberg, Petter","Nyberg, P.",False,
"Nyberg, Petter & Lundgren, Ro2016ger","Nyberg, P. & Lundgren, R.",True,digits
"Nyberg, Petter & Lundgren, Roger","Nyberg, P. & Lundgren, R.",False,
"Nyberg, Petter & Nilsson, Per","Nyberg, P. & Nilsson, P.",False,
"Nyberg, Petter & Rosendahl, Anders","Nyberg, P. & Rosendahl, A.",False,
"Nydolf, Nils-Gustaf","Nydolf, N.",False,
"Nygren Wåhlin, Erik","Nygren Wåhlin, E.",False,
"Nykvist, Pia & Eriksson, Mårten","Nykvist, P. & Eriksson, M.",False,
"Nylén, Alexandra","Nylén, A.",False,
"Nylén, Alexandra & Brynielsson, Maria","Nylén, A. & Brynielsson, M.",False,
"Nylén, Alexandra & Söderberg, Bengt","Nylén, A. & Söderberg, B.",False,
"Ohlsson, Rasmus & Ramström, Annica","Ohlsson, R. & Ramström, A.",False,
"Ohlsson, Therese","Ohlsson, T.",False,
"Ohlsén, Marie","Ohlsén, M.",False,
"Ohlsén, Marie & Feldt, Ann-Charlott","Ohlsén, M. & Feldt, A.",False,
"Olausson, Anders & Johansson, Matthias","Olausson, A. & Johansson, M.",False,
"Olausson, Michael","Olausson, M.",False,
"Olausson, Michael & Granath Zillén, Gunilla","Olausson, M. & Granath Zillén, G.",False,
"Olausson, Michael & Åqvist, Cecilia","Olausson, M. & Åqvist, C.",False,
"Olin, Per","Olin, P.",False,
"Olofsson, Anders","Olofsson, A.",False,
"Olson, Tina, m fl","Olson, T. et al.",False,et_al
"Olsson, Andreas","Olsson, A.",False,
"Olsson, E., Granath Zillém, G. & Mohr, A.","Olsson, E., Granath Zillém, G. & Mohr, A.",False,
"Olsson, Eva","Olsson, E.",False,
"Olsson, Hans","Olsson, H.",False,
"Olsson, Ingrid","Olsson, I.",False,
"Olsson, Karin","Olsson, K.",False,
"Olsson, L., Swedberg, s. & Östlund, A","Olsson, L., Swedberg, S. & Östlund, A.",False,
"Olsson, Lillemor & Karlsson Ödlund, Fredrika","Olsson, L. & Karlsson Ödlund, F.",False,
"Olsson, Lillemor & Swedberg, Stig","Olsson, L. & Swedberg, S.",False,
"Olsson, Louise","Olsson, L.",False,
"Olsson, M., Ingwald, J. & Paulsson-Holmberg, T.","Olsson, M., Ingwald, J. & Paulsson-Holmberg, T.",False,
"Olsson, M., Knarrström, B., & Mattisson, A","Olsson, M., Knarrström, B. & Mattisson, A.",False,
"Olsson, Maria","Olsson, M.",False,
"Olsson, Mona","Olsson, M.",False,
"Olsson, Robin","Olsson, R.",False,
"Omfors, Tina & Streiffert, Jörgen","Omfors, T. & Streiffert, J.",False,
"Onsten-Molander, Anna","Onsten-Molander, A.",False,
"Onsten-Molander, Anna & Jonsson, Kristina","Onsten-Molander, A. & Jonsson, K.",False,
"Onsten-Molander, Anna & Wikborg, Jonas","Onsten-Molander, A. & Wikborg, J.",False,
"Onsten.Molander & Wikborg, Anders","Onsten.Molander & Wikborg, Anders",True,odd_tokens
"Ortman, Oscar","Ortman, O.",False,
"Ortman, Oscar & Petersson, Håkan","Ortman, O. & Petersson, H.",False,
"Oskarsson, Björn","Oskarsson, B.",False,
"Oskarsson, Björn & Vikstrand, Per","Oskarsson, B. & Vikstrand, P.",False,
"Ottander, Jan","Ottander, J.",False,
"Ottander, Jan & Gustafsson, Agneta","Ottander, J. & Gustafsson, A.",False,
"Pagoldh, Monica","Pagoldh, M.",False,
"Pagoldh, Monika","Pagoldh, M.",False,
"Pajusi, Arvo","Pajusi, A.",False,
"Pajusi, Arwo","Pajusi, A.",False,
"Pal,. Veronica & Schulze, Hella","Pal, V. & Schulze, H.",False,
"Palm, Veronica","Palm, V.",False,
"Palmbo, Frida","Palmbo, F.",False,
"Palmbo, Frida & Bennerhag, Carina","Palmbo, F. & Bennerhag, C.",False,
"Palmbo, Frida & bennerhag, Carina","Palmbo, F. & bennerhag, C.",False,
"Palmbo, Frida & Östlund, Olof","Palmbo, F. & Östlund, O.",False,
"Papmehl-Dufay, Ludvig","Papmehl-Dufay, L.",False,
"Per Nilsson P., Rajala, E. & Westergren, E.","Per Nilsson P., Rajala, E. & Westergren, E",True,odd_tokens
"Perneby, Åsa","Perneby, Å.",False,
"Persson, Boje","Persson, B.",False,
"Persson, Carl","Persson, C.",False,
"Persson, Carl & Henriksson, Mikael","Persson, C. & Henriksson, M.",False,
"Persson, Carl & Wennerlund, Jessica","Persson, C. & Wennerlund, J.",False,
"Persson, Carl m fl","Persson, C. et al.",False,et_al
"Persson, Hans","Persson, H.",False,
"Persson, Hans E","Persson, H.",False,
"Persson, Kristina & Schaller Åhrberg, Eva","Persson, K. & Schaller Åhrberg, E.",False,
"Persson, Lars-Erik & Frejd, Joakim","Persson, L. & Frejd, J.",False,
"Persson, Maria m fl","Persson, M. et al.",False,et_al
"Peterson, Håkan","Peterson, H.",False,
"Peterson, Johan","Peterson, J.",False,
"Peterson, Johan & Eboskog, Mikael","Peterson, J. & Eboskog, M.",False,
"Peterson, Johan & Enqvist, Delia Ni Chiobhàin","Peterson, J. & Enqvist, D.",False,
"Peterson, Magnus","Peterson, M.",False,
"Petersson, Annika","Petersson, A.",False,
"Petersson, Bodil","Petersson, B.",False,
"Petersson, Bodil & Hägermna, Britt-Marie","Petersson, B. & Hägermna, B.",False,
"Petersson, Håkan","Petersson, H.",False,
"Petersson, Håkan & Hernek, Robert","Petersson, H. & Hernek, R.",False,
"Petersson, Håkan & Lönn, Marianne","Petersson, H. & Lönn, M.",False,
"Petersson, Håkan Pettersson& Munkenberg, Betty-Ann","Petersson, H. & Munkenberg, B.",False,
"Petersson, Johan","Petersson, J.",False,
"Petersson, Magnus","Petersson, M.",False,
"Petersson, Magnus & Alexandersson, Kenneth","Petersson, M. & Alexandersson, K.",False,
"Petersson, Magnus & Schulze, Hella","Petersson, M. & Schulze, H.",False,
"Petersson, Magnus m fl","Petersson, M. et al.",False,et_al
"Petersson, Maria","Petersson, M.",False,
"Petersson, Maria & Zetterlund, Peter","Petersson, M. & Zetterlund, P.",False,
"Petersson, Maria m fl","Petersson, M. et al.",False,et_al
"Petré, Bo","Petré, B.",False,
"Pettersson, Ann-Marie","Pettersson, A.",False,
"Pettersson, Björn","Pettersson, B.",False,
"Pettersson, C., Larsson, F. G. & Ohlsson, T","Pettersson, C., Larsson, F. & Ohlsson, T.",False,
"Pettersson, Claes","Pettersson, C.",False,
"Pettersson, Claes & Johansson, Erik","Pettersson, C. & Johansson, E.",False,
"Pettersson, Claes & Larsson, Fredrik","Pettersson, C. & Larsson, F.",False,
"Pettersson, Claes & Ödeén, Anna","Pettersson, C. & Ödeén, A.",False,
"Pettersson, Claes B","Pettersson, C.",False,
"Pettersson, Claes B.","Pettersson, C.",False,
"Pettersson, Elisabet","Pettersson, E.",False,
"Pettersson, Elisabet & Sundin, Lena","Pettersson, E. & Sundin, L.",False,
"Pettersson, Elisabet (red)","Pettersson, E. (ed.)",False,editor
"Pettersson, Karin","Pettersson, K.",False,
"Pettersson, Karin & Rosborg, Britta","Pettersson, K. & Rosborg, B.",False,
"Pettersson, Mattias & Wikell, Roger","Pettersson, M. & Wikell, R.",False,
"Pettersson, O., Knabe, E. & Karlenby, L.","Pettersson, O., Knabe, E. & Karlenby, L.",False,
"Pettersson, Olof","Pettersson, O.",False,
"Pettersson, S., Svenssopn, E & Nilsson, s","Pettersson, S., Svenssopn, E. & Nilsson, S.",False,
"Pettersson, Susanne","Pettersson, S.",False,
"Pettersson, Susanne & Svensson, Eva","Pettersson, S. & Svensson, E.",False,
"Pettersson, Susanne Luft, Magnus von der","Pettersson, Susanne Luft, Magnus von der",True,"odd_tokens,particle"
"Pettersson-Jensen, Ing-Marie","Pettersson-Jensen, I.",False,
"Petterssson, Olof","Petterssson, O.",False,
"Plura, Carina Bramstång","Plura, C.",False,
"Pontén, Jacob & Rubensson, Leif","Pontén, J. & Rubensson, L.",False,
"Prata, Sofia","Prata, S.",False,
"Prata, Sofia & Celin, Ulf","Prata, S. & Celin, U.",False,
"Price, Niel & Rudin, Gun-Britt","Price, N. & Rudin, G.",False,
Protokoll,Protokoll,True,no_comma
"Pye, Jonathan","Pye, J.",False,
"Qviström, L., Dutra Leivas, I. & Svensson, J.","Qviström, L., Dutra Leivas, I. & Svensson, J.",False,
"Qviström, L., Nordin, J.M. & Zachrisson, T","Qviström, L., Nordin, J. & Zachrisson, T.",False,
"Qviström, Linda","Qviström, L.",False,
Radiocarbon/protokoll,Radiocarbon/protokoll,True,no_comma
"Ragnesten, Ulf","Ragnesten, U.",False,
"Ragnesten, Ulf & Kegel, Karolina","Ragnesten, U. & Kegel, K.",False,
"Rahm, Annabell","Rahm, A.",False,
"Ramqvist, Per H","Ramqvist, P.",False,
"Ramström, Annica","Ramström, A.",False,
"Ramström, Annica & Strengbom, Erica","Ramström, A. & Strengbom, E.",False,
"Ramström, Annika","Ramström, A.",False,
Ramström. Annika,"Ramström, A.",False,no_comma
"Rathje, Lillian","Rathje, L.",False,
"Renck, Anna Maria","Renck, A.",False,
"Renck, Anna Maria & Vinberg, Ann","Renck, A. & Vinberg, A.",False,
"Renzhog, Sten","Renzhog, S.",False,
"Rex Svensson, Karin","Rex Svensson, K.",False,
"Rex, Karin","Rex, K.",False,
"Richardson, Johan","Richardson, J.",False,
"Richardsson, Johan","Richardsson, J.",False,
"Richarson, Johan","Richarson, J.",False,
"Richarson, Johan & Larsson, Ellinor","Richarson, J. & Larsson, E.",False,
"Ring, Ceciila m fl","Ring, C. et al.",False,et_al
"Ring, Cecilia","Ring, C.",False,
"Ringqvist, Per-Olof","Ringqvist, P.",False,
"Ringqvist, Per-Olof & Tesch, Sten","Ringqvist, P. & Tesch, S.",False,
"Robertsson-Åkerlund, Agneta","Robertsson-Åkerlund, A.",False,
"Rolöf, Magnus","Rolöf, M.",False,
"Rolöf, Magnus & Åberg, Joakim","Rolöf, M. & Åberg, J.",False,
"Rolöf, Magnus & Österström, Katarina","Rolöf, M. & Österström, K.",False,
"Romedahl, Helén","Romedahl, H.",False,
"Romedahl, Helén & Karlsson, Emma","Romedahl, H. & Karlsson, E.",False,
"Ros, J., Alexander, D & Harrysson, I","Ros, J., Alexander, D. & Harrysson, I.",False,
"Ros, Johan","Ros, J.",False,
"Ros, Jonas","Ros, J.",False,
"Ros, Jonas m fl","Ros, J. et al.",False,et_al
"Ros, Jonas, Nelson, Mats & Alexander, Duncan","Ros, J., Nelson, M. & Alexander, D.",False,
"Rosberg, Anette","Rosberg, A.",False,
"Rosberg, Anette & Lindhé, Eva","Rosberg, A. & Lindhé, E.",False,
"Rosberg, Anette & Sarnäs, Per","Rosberg, A. & Sarnäs, P.",False,
"Rosborg, Britta","Rosborg, B.",False,
"Rosendahl, Linda","Rosendahl, L.",False,
"Roslund-Forenius, Ylva","Roslund-Forenius, Y.",False,
"Rostoványi, V., A., & Hydén, S.","Rostoványi, V., A., & Hydén, S",True,odd_tokens
"Rosén, Christina","Rosén, C.",False,
"Rosén, Christina & Streiffert, Jörgen","Rosén, C. & Streiffert, J.",False,
"Rosén, Christina & Öbrink, Mattias","Rosén, C. & Öbrink, M.",False,
"Rubensson, Leif","Rubensson, L.",False,
"Rubensson, Leif, Gostafsson, Malin & Olsson, Robin","Rubensson, L., Gostafsson, M. & Olsson, R.",False,
"Rudd, Petra","Rudd, P.",False,
"Rudd, Petra & Sandin, Mats","Rudd, P. & Sandin, M.",False,
"Rudebeck, Elisabeth","Rudebeck, E.",False,
"Rudebeck, Elisabeth & Ödman, Chatarina","Rudebeck, E. & Ödman, C.",False,
"Rudh, Simon","Rudh, S.",False,
"Rudh, Simon & Elfstrand, Bengt","Rudh, S. & Elfstrand, B.",False,
"Rudin, Gun-Britt & Brink, Christian","Rudin, G. & Brink, C.",False,
"Runcic, Janis (red)","Runcic, J. (ed.)",False,editor
"Runcis, Janis","Runcis, J.",False,
"Runder, Johan","Runder, J.",False,
"Rundkvist, M., Linqvist, Ch & Thorsberg, K","Rundkvist, M., Linqvist, C. & Thorsberg, K.",False,
"Rundkvist, Martin","Rundkvist, M.",False,
"Rundkvist, Martin & Williams, Howard","Rundkvist, M. & Williams, H.",False,
Rundkvist. Martin,"Rundkvist, M.",False,no_comma
"Rundqvist, Martin & Olsson, Tim","Rundqvist, M. & Olsson, T.",False,
"Rundqvist, Martin (red)","Rundqvist, M. (ed.)",False,editor
"Rundqvist, Martin m fl","Rundqvist, M. et al.",False,et_al
"Runeby, Christian","Runeby, C.",False,
"Runer, J., Kjellström, A. & Björk, T","Runer, J., Kjellström, A. & Björk, T.",False,
"Runer, Johan","Runer, J.",False,
"Runer, Johan & Grönwall, Richard","Runer, J. & Grönwall, R.",False,
"Runer, Johan & Sillén, Peter","Runer, J. & Sillén, P.",False,
"Runeson, Henrik","Runeson, H.",False,
"Runeson, Herik","Runeson, H.",False,
"Runeson. Henrik & Kihlstedt, Britta","Runeson. Henrik & Kihlstedt, Britta",True,odd_tokens
"Runesson, Henrik","Runesson, H.",False,
"Runesson, Henrik & Schützler, Lillemor","Runesson, H. & Schützler, L.",False,
"Ryberg, E., Stibéus, M & Streiffert, J","Ryberg, E., Stibéus, M. & Streiffert, J.",False,
"Ryberg, Ewa","Ryberg, E.",False,
"Ryberg, Ewa & Rosén, Christina","Ryberg, E. & Rosén, C.",False,
"Ryberg, Ewa & Wranning, Per","Ryberg, E. & Wranning, P.",False,
"Rydström, Gunhild","Rydström, G.",False,
"Rydén, Beatrice","Rydén, B.",False,
"Räf, Erica","Räf, E.",False,
"Räf, Erica & Fendin, Titti","Räf, E. & Fendin, T.",False,
"Räf, Erika","Räf, E.",False,
"Räf, Erika (red)","Räf, E. (ed.)",False,editor
"Räf, Erka","Räf, E.",False,
"Räihälä, Oili","Räihälä, O.",False,
"Röjder, Ingvar","Röjder, I.",False,
"Rönnby, Johan","Rönnby, J.",False,
"Rönnby, Johan & Zeprorpe, Leif","Rönnby, J. & Zeprorpe, L.",False,
"Rönngren, Johnny","Rönngren, J.",False,
"Rönngren, Johnny & Ekman, Tomas","Rönngren, J. & Ekman, T.",False,
"Rönnlund, Johnny","Rönnlund, J.",False,
"Sabel, Elinor","Sabel, E.",False,
"Sabel, Ellinor","Sabel, E.",False,
"Sabo, Katalin","Sabo, K.",False,
"Samuelsson, Christoffer","Samuelsson, C.",False,
"Samuelsson, Fredrik","Samuelsson, F.",False,
"Sandberg, Fredrik","Sandberg, F.",False,
"Sandberg, Fredrik & Carlsson, Eva","Sandberg, F. & Carlsson, E.",False,
"Sandberg, Fredrik & Samuelsson, Christoffer","Sandberg, F. & Samuelsson, C.",False,
"Sandberg, Fredrik, m fl","Sandberg, F. et al.",False,et_al
"Sandberg,Fredrik","Sandberg, F.",False,
"Sander, Birgitta","Sander, B.",False,
"Sander, Birgitta (red)","Sander, B. (ed.)",False,editor
"Sarnäs, Anette & Engström, Tony","Sarnäs, A. & Engström, T.",False,
"Sarnäs, Per","Sarnäs, P.",False,
"Sarnäs, Per & Nord Paulsson, Jenny","Sarnäs, P. & Nord Paulsson, J.",False,
"Sarén Einarsson, Jonna","Sarén Einarsson, J.",False,
"Sarén Lundahl, Jonna","Sarén Lundahl, J.",False,
"Schager, Elisabet m fl","Schager, E. et al.",False,et_al
"Schaller Åhrberg, E., Jonsson, L & Kindgren, H","Schaller Åhrberg, E., Jonsson, L. & Kindgren, H.",False,
"Schaller Åhrberg, Eva","Schaller Åhrberg, E.",False,
"Schaller Åhrberg, Eva & Lönn, Marianne (red)","Schaller Åhrberg, E. & Lönn, M. (ed.)",False,editor
"Schaller Åhrberg, Eva & Streiffert, Jörgen","Schaller Åhrberg, E. & Streiffert, J.",False,
"Schaller Åhrberg, Eva & Älveby, Kristina","Schaller Åhrberg, E. & Älveby, K.",False,
"Schaller Årberg, Eva","Schaller Årberg, E.",False,
"Scharp, Agneta","Scharp, A.",False,
"Scheutz M.,Schütz, B. & Göthberg, H.","Scheutz M.,Schütz, B. & Göthberg, H",True,odd_tokens
"Schierbeck, Agneta","Schierbeck, A.",False,
"Schmidt Sabo, Katalin","Schmidt Sabo, K.",False,
"Schmidt Sabo, Katalin & Cardell, Annica","Schmidt Sabo, K. & Cardell, A.",False,
"Schmidt Sabo, Katalin & Strandmark, Fredrik","Schmidt Sabo, K. & Strandmark, F.",False,
"Schmidt Szabo, Katalin","Schmidt Szabo, K.",False,
"Schmidt Szabo, Katalin (Red)","Schmidt Szabo, K. (ed.)",False,editor
"Schmidt Wikborg, Emelie","Schmidt Wikborg, E.",False,
"Schmidt-Sabo, Katalin","Schmidt-Sabo, K.",False,
"Schmidt-Wikborg, Emelie","Schmidt-Wikborg, E.",False,
"Schultze, Hella","Schultze, H.",False,
"Schulze, Hella","Schulze, H.",False,
"Schutze, Hella","Schutze, H.",False,
"Schuze, Hella","Schuze, H.",False,
"Schönbeck, Mattias","Schönbeck, M.",False,
"Schönbeck, Mattias & Hörnfors, Olle","Schönbeck, M. & Hörnfors, O.",False,
"Schütz, Berit & Göthberg, Hasn","Schütz, B. & Göthberg, H.",False,
"Schützler, Lillemor","Schützler, L.",False,
Science 13 Vol 126,Science 13 Vol 126,True,"digits,no_comma"
"Segerberg, A., Possnert, G., Arrhenius, B, & Lidén","Segerberg, A., Possnert, G., Arrhenius, B, & Lidén",True,odd_tokens
"Segerberg, Ann","Segerberg, A.",False,
"Seiler, Anton","Seiler, A.",False,
"Seiler, Anton & Appelgren, Katarina","Seiler, A. & Appelgren, K.",False,
"Seiler, Anton & Hållans Stenholm, Ann-Mari","Seiler, A. & Hållans Stenholm, A.",False,
"Seiler, Anton & Hållans-Stenholm, Ann-Mari","Seiler, A. & Hållans-Stenholm, A.",False,
"Seiler, Anton & Westberg, Tomas","Seiler, A. & Westberg, T.",False,
"Seiler, Anton & Wikborg, Jonas","Seiler, A. & Wikborg, J.",False,
"Seiler, Anton Sjölin, Marita","Seiler, Anton Sjölin, Marita",True,odd_tokens
"Selling, Susanne","Selling, S.",False,
"Siech, Suzanne & Bergren, Åsa","Siech, S. & Bergren, Å.",False,
"Sieurin-Lönnqvist, Franciska","Sieurin-Lönnqvist, F.",False,
"Sillén, Peter","Sillén, P.",False,
"Sjöberg, Jan-Erik","Sjöberg, J.",False,
"Sjöberg, Margareta & Marnung, Birgitta","Sjöberg, M. & Marnung, B.",False,
"Sjögren, Karl-Göran","Sjögren, K.",False,
"Sjölin, Marita","Sjölin, M.",False,
"Sjölin, Marita m fl","Sjölin, M. et al.",False,et_al
"Sjöling, Emma","Sjöling, E.",False,
"Sjölng, Emma","Sjölng, E.",False,
"Sjöquist, Maria","Sjöquist, M.",False,
"Sjöström, Arne","Sjöström, A.",False,
"Sjösvärd, Lars","Sjösvärd, L.",False,
"Skanser, Lisa","Skanser, L.",False,
"Skoglund, Peter","Skoglund, P.",False,
"Skyllberg, Eva","Skyllberg, E.",False,
"Skålberg, Pia","Skålberg, P.",False,
"Sköld, Katarina","Sköld, K.",False,
"Sköld, Katarina & Alf Ericsson, Alf","Sköld, K. & Alf Ericsson, A.",False,
"Sköld, Katarina & Ericsson, Alf","Sköld, K. & Ericsson, A.",False,
"Sköld, Katarina & Helander, Kristina","Sköld, K. & Helander, K.",False,
"Sköld, Katarina m fl","Sköld, K. et al.",False,et_al
"Sköld, katarina","Sköld, K.",False,
"Smeds, Ronny","Smeds, R.",False,
"Sokulu, Sila","Sokulu, S.",False,
"Spjuth, Oskar","Spjuth, O.",False,
"Spjutj, Oskar","Spjutj, O.",False,
"Spluth, Oskar","Spluth, O.",False,
"Sporrong, Ulf","Sporrong, U.",False,
"Spång, Lars-Göran","Spång, L.",False,
"Stamm Forsblad, Ellen","Stamm Forsblad, E.",False,
"Stark, Kennet","Stark, K.",False,
"Stark, Kenneth","Stark, K.",False,
"Stbéus, Magnus","Stbéus, M.",False,
"Steineke, M, Ekenberg, A, Hansson, K. Ifverson, P","Steineke, M, Ekenberg, A, Hansson, K. Ifverson, P",True,odd_tokens
"Sten, Sabine","Sten, S.",False,
"Stenbeck, Niklas","Stenbeck, N.",False,
"Stenbäck, Niklas & Vogel, Pierre","Stenbäck, N. & Vogel, P.",False,
"Stenström, Karin","Stenström, K.",False,
"Stenström, Karin & Strengbom, Erica","Stenström, K. & Strengbom, E.",False,
"Stenvall, Johan","Stenvall, J.",False,
"Stibeus, Magnus m fl","Stibeus, M. et al.",False,et_al
"Stibéus, Magnus","Stibéus, M.",False,
"Stibéus, Magnus & Ängeby, Gisela","Stibéus, M. & Ängeby, G.",False,
"Stjernquiist, BerStjernquiist, Bertata","Stjernquiist, BerStjernquiist, Bertata",True,odd_tokens
"Stjernquiist, Berta","Stjernquiist, B.",False,
"Stjärna, Tove","Stjärna, T.",False,
"Strandberg, Caroline","Strandberg, C.",False,
"Strandmark, Fredrik","Strandmark, F.",False,
"Strandmark, Fredrik (red)","Strandmark, F. (ed.)",False,editor
"Streiffert, Jörgen","Streiffert, J.",False,
"Streiffert, Jörgen & Gustafsson, Anders","Streiffert, J. & Gustafsson, A.",False,
"Streiffert, Jörgen & Johansson, Glenn","Streiffert, J. & Johansson, G.",False,
"Streiffert, Jörgen & Rosén, Christina","Streiffert, J. & Rosén, C.",False,
"Streiffert, Jörgen & Ryberg, Ewa","Streiffert, J. & Ryberg, E.",False,
"Streiffert, Jörgen & Ängeby , Gisela (red)","Streiffert, J. & Ängeby, G. (ed.)",False,editor
"Strengbom, Erica","Strengbom, E.",False,
"Strengbom, Erica & Ekman, Tomas","Strengbom, E. & Ekman, T.",False,
"Strengbom, Erica & Hackelberg, Louise","Strengbom, E. & Hackelberg, L.",False,
"Strinnholm, Anders","Strinnholm, A.",False,
"Strinnholm, Andres","Strinnholm, A.",False,
"Strucke, U. Heimdahl, J. & Vestbö-Franzén, Å","Strucke, U. Heimdahl, J. & Vestbö-Franzén, Å",True,odd_tokens
"Strucke, U., Bergman, J & Gonelius Stenvall, G","Strucke, U., Bergman, J. & Gonelius Stenvall, G.",False,
"Strucke, U., Jakobsson, T","Strucke, U. & Jakobsson, T.",False,
"Strucke, Ulf","Strucke, U.",False,
"Strucke, Ulf & Bäck, Mathias","Strucke, U. & Bäck, M.",False,
"Strucke, Ulf & Crona, Malin","Strucke, U. & Crona, M.",False,
"Strucke, Ulf & Evanni, Louise","Strucke, U. & Evanni, L.",False,
"Strucke, Ulf & Grenler, Helen","Strucke, U. & Grenler, H.",False,
"Strucke, Ulf & Westin, Åsa","Strucke, U. & Westin, Å.",False,
"Strängbom, Erica","Strängbom, E.",False,
"Strömberg, Bo","Strömberg, B.",False,
"Strömberg, Bo & Weiler, Eva","Strömberg, B. & Weiler, E.",False,
"Strömberg, Bo m fl","Strömberg, B. et al.",False,et_al
"Strömberg, Märta","Strömberg, M.",False,
"Stålbom, Ulf","Stålbom, U.",False,
"Summanen, Marianne","Summanen, M.",False,
"Sundberg, Karin","Sundberg, K.",False,
"Sundin, Lena","Sundin, L.",False,
"Sunding, Emelie","Sunding, E.",False,
"Sunding, Emelie & Axelsson, Karlqvist, Jimmy","Sunding, Emelie & Axelsson, Karlqvist, Jimmy",True,odd_tokens
"Sundkvist, Anneli","Sundkvist, A.",False,
"Sundkvist, Anneli & Eklund, Susanna","Sundkvist, A. & Eklund, S.",False,
"Sundkvist, Anneli & Löjdström, Frida","Sundkvist, A. & Löjdström, F.",False,
"Sundkvist, Anneli & Sundström, Lars","Sundkvist, A. & Sundström, L.",False,
"Sundling, Emelie","Sundling, E.",False,
"Sundling, Emilie","Sundling, E.",False,
"Sundqvist, Anneli","Sundqvist, A.",False,
"Sundqvist, Lennart","Sundqvist, L.",False,
"Sundström, Jenny","Sundström, J.",False,
"Sundström, Lars & Celin, Ulf","Sundström, L. & Celin, U.",False,
"Sundström, Lars m fl","Sundström, L. et al.",False,et_al
"Sundström, Lars, Darmark, Kim & Stenbäck, Niklas","Sundström, L., Darmark, K. & Stenbäck, N.",False,
"Sundström, Susanne","Sundström, S.",False,
"Svanberg, Fredrik","Svanberg, F.",False,
"Svanberg, M., Pajusi, A. &Flöög, S,","Svanberg, M., Pajusi, A. & Flöög, S.",False,
"Svarvar, Kjell","Svarvar, K.",False,
"Svedberg, Viktor","Svedberg, V.",False,
"Sven man, Emelie","Sven man, E.",False,
"Svenman, Emelie","Svenman, E.",False,
"Svenman, Emilie","Svenman, E.",False,
"Svensson Hennius, Jonas","Svensson Hennius, J.",False,
"Svensson Hennius, Jonas & Ytterberg, Niklas","Svensson Hennius, J. & Ytterberg, N.",False,
"Svensson Hennius, Jonas & Öbrink, Mattias","Svensson Hennius, J. & Öbrink, M.",False,
"Svensson, Christina","Svensson, C.",False,
"Svensson, Eva","Svensson, E.",False,
"Svensson, Hennius, Jonas & Eklund, Susanna","Svensson, Hennius, Jonas & Eklund, Susanna",True,odd_tokens
"Svensson, Ingeborg","Svensson, I.",False,
"Svensson, Ingeborg & Gustafsson, Patrik","Svensson, I. & Gustafsson, P.",False,
"Svensson, Ingeborg,","Svensson, I.",False,
"Svensson, Jonas","Svensson, J.",False,
"Svensson, Kenneth","Svensson, K.",False,
"Svensson, Kenneth m fl","Svensson, K. et al.",False,et_al
"Svensson, Mac, Pihl, Henrik & Andersson, Magnus","Svensson, M., Pihl, H. & Andersson, M.",False,
"Svensson, Magnus","Svensson, M.",False,
"Svensson, Susanne & Andersson, Gunnar","Svensson, S. & Andersson, G.",False,
"Swanström, Eric","Swanström, E.",False,
"Swedberg, Stig","Swedberg, S.",False,
"Swedberg, Stig & Algotsson, Åsa","Swedberg, S. & Algotsson, Å.",False,
"Swedberg, Stig & Håkansson, Olof","Swedberg, S. & Håkansson, O.",False,
"Swedberg, Stig & Larsson, Anton","Swedberg, S. & Larsson, A.",False,
"Swedberg, Stig & Toreld, Andreas","Swedberg, S. & Toreld, A.",False,
"Swedberg, Stig & Östlund, Annika","Swedberg, S. & Östlund, A.",False,
"Swedberg, Stig & Östlund, Åsa","Swedberg, S. & Östlund, Å.",False,
"Swedberg, Stig m fl","Swedberg, S. et al.",False,et_al
"Swedberg, Stig, Larsson, Anton & Östlund, Annika","Swedberg, S., Larsson, A. & Östlund, A.",False,
"Swedbergm Stig & Larsson, Anton","Swedbergm Stig & Larsson, Anton",True,odd_tokens
"Syse, Bent","Syse, B.",False,
"Syse, Bent & Nilsson, Ola","Syse, B. & Nilsson, O.",False,
"Säll, Elin","Säll, E.",False,
"Säll, Elin & Johansson, Mattias","Säll, E. & Johansson, M.",False,
"Särlvik, Ingegerd & Åhman, Eva","Särlvik, I. & Åhman, E.",False,
"Särlvik, Ingegerd m fl","Särlvik, I. et al.",False,et_al
"Särlvik, Ingegerd. & Åhman, Eva","Särlvik, I. & Åhman, E.",False,
"Söderberg, B., Knarrström, A., & Stark, K.","Söderberg, B., Knarrström, A. & Stark, K.",False,
"Söderberg, Bengt","Söderberg, B.",False,
"Söderberg, Bengt (red)","Söderberg, B. (ed.)",False,editor
"Söderberg, Bengt m fl","Söderberg, B. et al.",False,et_al
"Söderberg, Bengt, Red.","Söderberg, B. (ed.)",False,editor
"Söderberg, Sverker","Söderberg, S.",False,
"Söderström, Ida","Söderström, I.",False,
"Söderström, Ulrika","Söderström, U.",False,
"Söderström, Ulrika & Nilsson, Nicholas","Söderström, U. & Nilsson, N.",False,
"Sörman, Anna","Sörman, A.",False,
"Tagesson, Göran","Tagesson, G.",False,
"Tagesson, Göran & Hållans, Ann-Marie","Tagesson, G. & Hållans, A.",False,
"Tegnhed, Stina","Tegnhed, S.",False,
"Tegnhed, Stina & Knarrström, Bo","Tegnhed, S. & Knarrström, B.",False,
"Tegnhed, Stina m fl","Tegnhed, S. et al.",False,et_al
"Tegnér, Mimmi","Tegnér, M.",False,
"Ternström, Claes","Ternström, C.",False,
"Ternström, Clas","Ternström, C.",False,
"Ternström, Clas m fl","Ternström, C. et al.",False,et_al
"Tesch, Sten","Tesch, S.",False,
"Therus, Jhonny","Therus, J.",False,
"Thomasson, Joakim","Thomasson, J.",False,
"Thor, Lars","Thor, L.",False,
"Thorsberg, Kalle","Thorsberg, K.",False,
"Thorsberg, Louise Olsson & Thorsberg, Kalle","Thorsberg, L. & Thorsberg, K.",False,
"Thérus, Jhonny","Thérus, J.",False,
"Thölin, Fredrik","Thölin, F.",False,
"Toreld, Andreas","Toreld, A.",False,
"Toreld, Andreas & Swedberg, Stig","Toreld, A. & Swedberg, S.",False,
"Toreld, Andreas & Östlund, Annika","Toreld, A. & Östlund, A.",False,
"Toreld, Christina","Toreld, C.",False,
"Toreld, Christina & Öbrink, Mattias","Toreld, C. & Öbrink, M.",False,
"Toreld, a., Swedberg, S. & Vajking, E","Toreld, A., Swedberg, S. & Vajking, E.",False,
"Torstensdotter Åhlin, I & Pettersson, C. B","Torstensdotter Åhlin, I. & Pettersson, C.",False,
"Torstensdotter Åhlin, I., Skoglund, P., M fl","Torstensdotter Åhlin, I. & Skoglund, P. et al.",False,et_al
"Torstensdotter Åhlin, Inger","Torstensdotter Åhlin, I.",False,
"Torstensdotter Åhlin, Inger m fl","Torstensdotter Åhlin, I. et al.",False,et_al
"Torstensdptter Åhlin, Inger & Hellerström","Torstensdptter Åhlin, Inger & Hellerström",True,odd_tokens
"Torstensson, Carolina","Torstensson, C.",False,
"Traneskog, Tove","Traneskog, T.",False,
"Törnblad, Emma","Törnblad, E.",False,
"Törnblad, Emma & Wickberg, Ylva","Törnblad, E. & Wickberg, Y.",False,
"Ulfhielm, Anna","Ulfhielm, A.",False,
"Ulfhielm, Bo","Ulfhielm, B.",False,
"Ulfhielm, Bo & Engman, Fredrik","Ulfhielm, B. & Engman, F.",False,
"Ulfhielm, Ulf","Ulfhielm, U.",False,
"Ullberg-Loh, Karin","Ullberg-Loh, K.",False,
"Ullén, Inga","Ullén, I.",False,
"Ullén, Inga (red)","Ullén, I. (ed.)",False,editor
"Urwitz, Lars","Urwitz, L.",False,
"Uvelius, Anton","Uvelius, A.",False,
"Vajking, E., Swedberg, S. & Larsson, A","Vajking, E., Swedberg, S. & Larsson, A.",False,
"Vajking, Erik & Swedberg, Stig","Vajking, E. & Swedberg, S.",False,
"Vajking, Erik & Östlund, Annika","Vajking, E. & Östlund, A.",False,
"Victor, H., Andersson, M. & Westerholm, A.","Victor, H., Andersson, M. & Westerholm, A.",False,
"Victor, H., Nolsson, N. & Therus, J.","Victor, H., Nolsson, N. & Therus, J.",False,
"Victor, Helena","Victor, H.",False,
"Viking Ulf & Fors, Tina","Viking Ulf & Fors, Tina",True,odd_tokens
"Viking, Ulf & Fors, Tina","Viking, U. & Fors, T.",False,
"Vinberg, A., Gatti, C. & Nelson, M","Vinberg, A., Gatti, C. & Nelson, M.",False,
"Vinberg, Ann","Vinberg, A.",False,
"Vinberg, Ann & Wahl, Hannu-Matti","Vinberg, A. & Wahl, H.",False,
"Vinoy, Tobias","Vinoy, T.",False,
"Vinoy, Tobias & Karlenby, Leif","Vinoy, T. & Karlenby, L.",False,
"Wahlberg Traneskog, Tove","Wahlberg Traneskog, T.",False,
"Wahlberg Traneskog, Tove & Fallgren, Jan-Henrik","Wahlberg Traneskog, T. & Fallgren, J.",False,
"Wallbom, Björn","Wallbom, B.",False,
"Wallebom, Björn & Ahlström Arcini, Caroline","Wallebom, B. & Ahlström Arcini, C.",False,
"Wallebom, Ulrika & Edlund, Martin","Wallebom, U. & Edlund, M.",False,
"Wallebom, Ulrika & Jansson, Kristina","Wallebom, U. & Jansson, K.",False,
"Wallebom, Ulrika & Ohlsson, Agneta","Wallebom, U. & Ohlsson, A.",False,
"Wallerström, Thomas","Wallerström, T.",False,
"Wallin, Lasse","Wallin, L.",False,
"Wallin, Paul & Sjöstrand, Alexander","Wallin, P. & Sjöstrand, A.",False,
"Wallin, Paul m fl","Wallin, P. et al.",False,et_al
"Wattman, Lena","Wattman, L.",False,
"Wattman, Nils","Wattman, N.",False,
"Wattman, Nils & Lindström, Jens","Wattman, N. & Lindström, J.",False,
"Wedberg, Viking","Wedberg, V.",False,
"Wehlin, Joakim","Wehlin, J.",False,
"Weiler, Eva","Weiler, E.",False,
"Weiler, Eva & Bergström, Eva","Weiler, E. & Bergström, E.",False,
"Weiler, Eva & Dyhlén, Ingrid","Weiler, E. & Dyhlén, I.",False,
"Weiler, Eva (red)","Weiler, E. (ed.)",False,editor
"Welinder, Stig","Welinder, S.",False,
"Wennberg, Tom","Wennberg, T.",False,
"Wennerberg, Rickard","Wennerberg, R.",False,
"Wennerholm, Owe","Wennerholm, O.",False,
"Wennerlund, Jessica","Wennerlund, J.",False,
"Wennersten, Monica","Wennersten, M.",False,
"Wennetedt Edvinger, Britta & Stenhols, Magnus","Wennetedt Edvinger, B. & Stenhols, M.",False,
"Wennstedt Edvinger, Britta","Wennstedt Edvinger, B.",False,
"Wennstedt Edvinger, Britta  & Olofsson, Camilla","Wennstedt Edvinger, B. & Olofsson, C.",False,
"Wennstedt Edvinger, Britta & Edvinger, Kjell","Wennstedt Edvinger, B. & Edvinger, K.",False,
"Wennstedt Edvinger, Britta & Stenhols, Magnus","Wennstedt Edvinger, B. & Stenhols, M.",False,
"Wennstedt Edvinger, Britta (red)","Wennstedt Edvinger, B. (ed.)",False,editor
"Wennström, Sofia","Wennström, S.",False,
"Werthwein, Göran","Werthwein, G.",False,
"Wertwein, Göran","Wertwein, G.",False,
"Wertwein, Göran & Andersson, Kjell","Wertwein, G. & Andersson, K.",False,
"Wertwein, Göran & Grönwall, Richard","Wertwein, G. & Grönwall, R.",False,
"Wesermark, Ann","Wesermark, A.",False,
"Westberg, Christiina","Westberg, C.",False,
"Westberg, Christina & Connelid, Pär","Westberg, C. & Connelid, P.",False,
"Westberg, Tomas","Westberg, T.",False,
"Westberg, Viking","Westberg, V.",False,
"Westerdahl, Christer","Westerdahl, C.",False,
"Westergaard, B. & Connelid, P","Westergaard, B. & Connelid, P.",False,
"Westergaard, Bengt","Westergaard, B.",False,
"Westermark, Ann","Westermark, A.",False,
"Westin, Åsa","Westin, Å.",False,
"Westrin, Kerstin","Westrin, K.",False,
"Westrin, Kerstin & berger, Åsa","Westrin, K. & berger, Å.",False,
Wethweibm Göran,Wethweibm Göran,True,no_comma
"Wetwein, Göran","Wetwein, G.",False,
"Wickberg, Ylva","Wickberg, Y.",False,
"Wickebrg, Ylva","Wickebrg, Y.",False,
"Wickman, Björn","Wickman, B.",False,
Wickman-Nydolf,Wickman-Nydolf,True,no_comma
"Wickman-Nydolf, G & Nydolf, Nils-Gustaf","Wickman-Nydolf, G. & Nydolf, N.",False,
"Wickman-Nydolf, Gunilla","Wickman-Nydolf, G.",False,
"Wickman-Nydolf, Gunilla & Widerström, Per","Wickman-Nydolf, G. & Widerström, P.",False,
"Widerberg, A., Åstrand, J. & Wróblewski, E.","Widerberg, A., Åstrand, J. & Wróblewski, E.",False,
"Widerberg, Andreas","Widerberg, A.",False,
"Widgren, Mats","Widgren, M.",False,
"Wigert, Linda","Wigert, L.",False,
"Wigert, Linda & Swedberg, Stig","Wigert, L. & Swedberg, S.",False,
"Wigert, Linda, Swedberg, Stig & Östlund, Annika","Wigert, L., Swedberg, S. & Östlund, A.",False,
"Wigert, l., Toreld, A., Swedberg, S & Vajking, E","Wigert, L., Toreld, A., Swedberg, S. & Vajking, E.",False,
"Wigfors, Johan","Wigfors, J.",False,
"Wigg, Ann-Sofie","Wigg, A.",False,
"Wigren, Sonja","Wigren, S.",False,
"Wigren, Sonja & Öström, Kerstin","Wigren, S. & Öström, K.",False,
"Wikborg, Jonas","Wikborg, J.",False,
"Wikborg, Jonas & Schmidt Wikborg, Emilie","Wikborg, J. & Schmidt Wikborg, E.",False,
"Wikborg, Jonas (red)","Wikborg, J. (ed.)",False,editor
"Wikell, Roger","Wikell, R.",False,
"Wiklund, BerndtOve","Wiklund, B.",False,
"Wikström, Anders & Kjellström, Anna","Wikström, A. & Kjellström, A.",False,
"Wikström, Carina","Wikström, C.",False,
"Wilhelmson, Helene","Wilhelmson, H.",False,
"Willemark, Kajsa","Willemark, K.",False,
"Willim, A., Forenius, S., Grandin, L. & Andersson,","Willim, A., Forenius, S., Grandin, L. & Andersson",True,odd_tokens
"Willim, Annika","Willim, A.",False,
"Willim, Annika, Forenius, Svante & Ogenhall, Erik","Willim, A., Forenius, S. & Ogenhall, E.",False,
"Wilson, Lars","Wilson, L.",False,
"Windelhed, Bengt","Windelhed, B.",False,
"Wirbrand, Fredric","Wirbrand, F.",False,
"Wranning, Per","Wranning, P.",False,
"Wranning, Per & Connelid, Pår","Wranning, P. & Connelid, P.",False,
"Wändesjö, Joh","Wändesjö, J.",False,
"Wändesjö, Johan","Wändesjö, J.",False,
"Wändesjö, John","Wändesjö, J.",False,
"Ytterberg, Niklas","Ytterberg, N.",False,
"Zerpe, Leif","Zerpe, L.",False,
"Zerrander, Liselott","Zerrander, L.",False,
"Zetterlund, Peter","Zetterlund, P.",False,
"Zetterlund, Peter & Helander, Annika","Zetterlund, P. & Helander, A.",False,
okänd,okänd,True,no_comma
"vensson Hennius, Jonas & Petersson, Elisabet","vensson Hennius, J. & Petersson, E.",False,
"von der Luft, Magnus & Ragnesten, Ulf","von der Luft, M. & Ragnesten, U.",False,particle
"Ählst2010röm, Jan","Ählst2010röm, J.",True,digits
"Ählström, Jan","Ählström, J.",False,
"Ählström, Jan m fl","Ählström, J. et al.",False,et_al
"Äijä, Karin","Äijä, K.",False,
"Äijä, Karin & Formisto, Tarja","Äijä, K. & Formisto, T.",False,
"Äijä, Karin, Lindborg, Henrik & Schönbeck, Mattias","Äijä, K., Lindborg, H. & Schönbeck, M.",False,
"Äijä,Karin","Äijä, K.",False,
"Ängeby, G., Streiffert, J. & Munkenberg, B-A","Ängeby, G., Streiffert, J. & Munkenberg, B.",False,
"Ängeby, Gisela","Ängeby, G.",False,
"Ängeby, Gisela & Artelius, Tore","Ängeby, G. & Artelius, T.",False,
"Ängeby, Gisela & Connelid, Pär","Ängeby, G. & Connelid, P.",False,
"Ängeby, Gisela & Johansson, Glenn","Ängeby, G. & Johansson, G.",False,
"Ängeby, Gisela & Nordqvist, Bengt","Ängeby, G. & Nordqvist, B.",False,
"Åberg, Joakim","Åberg, J.",False,
"Åberg, Joakim & Rolöf, Magnus","Åberg, J. & Rolöf, M.",False,
"Åberg, Kerstin","Åberg, K.",False,
"Åhman, Andreas","Åhman, A.",False,
"Åhman, Eva","Åhman, E.",False,
"Åkerlund, Agneta","Åkerlund, A.",False,
"Åkerlund, Agneta & Olsson, Eva","Åkerlund, A. & Olsson, E.",False,
Åkerlund. Agneta,"Åkerlund, A.",False,no_comma
"Åkesson, Maria","Åkesson, M.",False,
"Åqvist, Cecilia","Åqvist, C.",False,
"Århem, Barbro","Århem, B.",False,
"Åstrand, J., Emilsson, A. & Ring, C","Åstrand, J., Emilsson, A. & Ring, C.",False,
"Åstrand, J., Papmehl-Dyfay, l. & Sandberg. F.","Åstrand, J., Papmehl-Dyfay, l. & Sandberg. F",True,odd_tokens
"Åstrand, Johan","Åstrand, J.",False,
"Åstrand, Johan & Dutras Leivas, Ionna","Åstrand, J. & Dutras Leivas, I.",False,
"Åstrand, Johan & Ekberg, Göran","Åstrand, J. & Ekberg, G.",False,
"Åstrand, Johan & Lundholm, Sandra","Åstrand, J. & Lundholm, S.",False,
"Åstrand, Johan & Magnell, Ola","Åstrand, J. & Magnell, O.",False,
"Öbrink, Mattias","Öbrink, M.",False,
"Ödeén, Anna","Ödeén, A.",False,
"Ödéen, Anna","Ödéen, A.",False,
"Öijeberg, Jan","Öijeberg, J.",False,
"Öijeberg, Jan & Nilsson, Anette","Öijeberg, J. & Nilsson, A.",False,
"Ölund, Anna","Ölund, A.",False,
"Ölund, Anna & Hennius, Andreas","Ölund, A. & Hennius, A.",False,
"Österström, Katariina","Österström, K.",False,
"Östlund, Annika","Östlund, A.",False,
"Östlund, Annika & Håkansson, Olof","Östlund, A. & Håkansson, O.",False,
"Östlund, Annika & Ihr, Anna","Östlund, A. & Ihr, A.",False,
"Östlund, Annika & Swedberg, Stig","Östlund, A. & Swedberg, S.",False,
"Östlund, Annka","Östlund, A.",False,
"Östlund, H. G.","Östlund, H.",False,
"Östlund, O., Palmbo, F. & Jonsson, M.","Östlund, O., Palmbo, F. & Jonsson, M.",False,
"Östlund, Olof","Östlund, O.",False,
"Östmark, Kerstin","Östmark, K.",False,
"Öström, Kerstin","Öström, K.",False,
